,State,City,Population,Violent Crime,Murder,Forcible rape,Robbery,Aggravated assault,Property crime,Burglary,Larceny-theft,Motor vehicle theft,Total
0,Alabama,Mobile3,248431,740.25,20.13,58.16,177.11,485.85,5453.83,1216.84,3730.21,506.78,6217.02
1,Alaska,Anchorage,296188,1203.29,9.12,132.01,262.67,799.49,5415.82,748.17,3619.66,1047.98,6640.04
2,Arizona,Chandler,249355,259.47,2.01,52.13,56.95,148.68,2329.61,314.41,1866.01,149.18,2589.08
3,Arizona,Gilbert,242090,85.51,2.07,16.11,21.07,46.26,1385.85,192.49,1137.59,55.76,1483.75
4,Arizona,Glendale,249273,488.22,4.81,38.91,192.96,251.53,4530.37,637.45,3426.36,466.56,5037.85
5,Arizona,Mesa,492268,415.83,4.67,51.19,92.23,267.74,2171.99,381.5,1610.91,179.58,2592.49
6,Arizona,Phoenix,1608139,760.93,9.55,69.46,200.28,481.64,3670.71,778.57,2426.69,465.46,4443.2
7,Arizona,Scottsdale,251840,157.24,1.99,40.9,39.71,74.65,2172.01,348.63,1725.7,97.68,2338.38
8,Arizona,Tucson,532323,801.77,8.64,93.55,268.82,430.75,5251.7,831.07,3968.46,452.17,6082.78
9,California,Anaheim,353400,354.56,2.83,32.54,135.82,183.36,2630.45,382.29,1809.0,439.16,2997.74
10,California,Bakersfield,381154,479.33,10.76,24.14,197.56,246.88,4068.43,962.08,2377.78,728.58,4618.34
11,California,Chula Vista,271109,298.04,0.74,22.87,112.13,162.3,1432.27,236.07,915.5,280.7,1738.79
12,California,Fremont,236368,182.34,0.85,28.77,79.11,73.61,2150.46,284.73,1499.78,365.95,2343.8
13,California,Fresno,526371,565.0,10.64,33.06,182.0,339.3,3841.4,693.24,2618.31,529.85,4447.63
14,California,Irvine,276115,61.21,0.72,16.66,19.92,23.9,1316.48,227.08,1019.14,70.26,1381.31
15,California,Long Beach,471397,657.83,4.67,43.06,262.41,347.69,2672.48,586.55,1507.01,578.92,3357.25
16,California,Los Angeles,3898747,761.31,7.01,61.27,269.87,423.17,2535.92,415.96,1640.99,478.97,3332.52
17,California,Oakland,424915,1299.32,16.24,94.14,629.77,559.17,5982.84,617.06,4072.58,1293.2,7328.29
18,California,Riverside,328023,508.81,3.66,50.61,165.84,288.7,3058.32,510.03,2020.89,527.4,3589.38
19,California,Sacramento,499997,675.6,7.8,19.8,220.0,428.0,2936.62,577.6,1815.41,543.6,3654.02
20,California,San Bernardino,217259,1291.09,15.65,72.72,403.67,799.05,3867.73,983.16,1836.52,1048.06,5189.66
21,California,San Diego,1386932,366.61,2.46,39.25,99.01,225.89,1842.97,268.03,1214.37,360.57,2220.67
22,California,San Francisco,881255,715.0,6.35,41.65,365.39,301.62,6168.02,560.0,5059.49,548.54,6917.4
23,California,San Jose,1013240,403.65,3.08,55.03,132.62,212.91,2440.7,378.4,1284.69,777.62,2861.02
24,California,Santa Ana,335699,488.53,6.26,56.0,180.22,246.05,2090.27,276.74,1223.72,589.81,2596.67
25,California,Santa Clarita,216350,162.7,1.85,18.49,56.39,85.97,1424.08,311.53,923.04,189.51,1592.79
26,California,Stockton4,309566,1414.56,17.77,49.75,390.22,956.82,3627.34,691.29,2274.15,661.89,5109.09
27,Colorado,Aurora,368018,608.39,8.15,86.68,184.5,329.06,3003.66,454.05,1954.8,594.81,3630.53
28,Colorado,Colorado Springs,472958,524.15,6.13,103.39,101.91,312.71,3216.78,530.28,2235.08,451.41,3765.25
29,Colorado,Denver,706616,675.61,8.35,98.92,174.35,393.99,3667.06,612.92,2267.29,786.85,4360.93
30,District of Columbia,"Washington, D.C.",693972,948.74,16.72,63.84,338.77,529.42,4156.22,260.53,3528.96,366.73,5104.96
31,Florida,Hialeah,238260,198.52,2.52,13.85,64.64,117.52,2213.55,248.89,1677.16,287.5,2422.14
32,Florida,Jacksonville,894638,631.32,12.18,60.14,153.81,405.19,3526.68,631.09,2568.64,326.95,4168.73
33,Florida,Miami,463009,720.94,11.23,22.68,211.23,475.8,4014.18,526.99,3090.87,396.32,4750.89
34,Florida,Orlando,283982,744.06,8.1,64.44,213.04,458.48,5454.57,840.9,4125.26,488.41,6206.38
35,Florida,St. Petersburg,263712,698.49,7.58,51.57,189.22,450.11,4312.66,671.95,3269.85,370.86,5029.35
36,Florida,Tampa,384360,464.41,10.15,31.48,105.63,317.15,1743.68,321.31,1274.85,147.52,2218.24
37,Georgia,Columbus,481343,935.72,16.41,58.59,293.55,567.16,4776.43,704.28,3387.19,684.96,5727.52
38,Georgia,Savannah,242941,462.66,14.41,41.16,156.83,250.27,3431.29,549.52,2494.84,386.93,3901.36
39,Hawaii,Honolulu,990384,246.37,3.23,28.78,91.68,122.68,2774.38,336.33,2073.94,364.1,3053.77
40,Idaho,Boise,225677,279.16,0.89,63.81,22.6,191.87,2444.64,326.13,1965.2,153.32,2741.97
41,Illinois,Chicago,2746388,1098.86,18.26,65.11,439.26,570.36,3263.8,477.13,2358.83,427.84,4381.65
42,Indiana,Fort Wayne,266259,357.55,13.9,51.08,112.3,180.28,3179.61,491.25,2488.55,199.81,3572.46
43,Indiana,Indianapolis,870788,1333.96,17.91,76.71,400.21,839.13,4411.87,1027.23,2821.47,563.17,5775.23
44,Iowa,Des Moines,217277,670.11,12.89,33.6,167.53,456.1,4413.26,1099.06,2734.3,579.9,5102.7
45,Kansas,Garden City,391084,1022.29,8.95,97.68,153.16,762.5,5535.64,838.95,4063.07,633.62,6583.5
46,Kentucky,Lexington,322332,350.88,9.0,62.05,169.7,110.13,3782.13,647.47,2739.72,394.93,4145.73
47,Kentucky,Louisville Metro6,684362,647.03,15.93,25.57,193.76,411.77,4122.23,821.64,2735.98,564.61,4769.99
48,Louisiana,Baton Rouge,227403,1026.81,38.26,43.97,381.7,562.88,5594.03,1418.63,3739.62,435.79,6693.84
49,Louisiana,New Orleans,397447,1121.41,39.5,144.67,329.1,608.13,4243.84,560.83,3046.19,636.81,5375.57
50,Maryland,Baltimore,613217,2027.01,55.77,62.29,958.71,950.23,4928.11,1311.28,2773.57,843.26,6997.68
51,Massachusetts,Boston,682903,669.2,8.35,42.47,205.59,412.8,2089.02,308.83,1603.74,176.45,2758.22
52,Michigan,Detroit,670792,2056.67,39.8,103.91,393.42,1519.55,4540.6,1231.08,2093.79,1215.73,6726.82
53,Minnesota,Minneapolis,418971,1101.27,10.02,122.68,434.16,534.4,4641.37,897.91,3173.49,569.97,5768.18
54,Minnesota,St. Paul,306696,650.81,7.17,70.75,227.26,345.62,3565.42,741.45,2144.47,679.5,4262.86
55,Missouri,Kansas City,484948,1724.31,30.93,91.76,383.13,1218.48,4543.79,960.52,2670.39,912.88,6309.55
56,Missouri,St. Louis,310284,2082.29,66.07,93.14,626.52,1296.55,6041.24,1011.33,4155.55,874.36,8188.31
57,Nebraska,Omaha,449388,647.32,6.9,91.24,139.08,410.11,3880.17,464.63,2636.7,778.84,4527.49
58,Nevada,Henderson,299285,185.11,3.34,28.74,80.19,72.84,1833.04,363.87,1254.99,214.18,2025.17
59,Nevada,Las Vegas,627244,618.9,12.6,79.64,211.15,315.5,2943.38,805.17,1635.16,503.06,3567.87
60,Nevada,Paradise,242537,1014.69,9.07,47.83,232.95,724.84,2386.03,804.0,1037.37,544.66,3405.26
61,Nevada,Reno,248531,673.56,7.64,57.14,153.7,455.07,3085.73,541.98,1967.56,576.19,3766.53
62,New Jersey,Jersey City,267906,509.51,7.84,45.91,199.32,256.43,1806.98,417.68,1206.02,183.27,2330.67
63,New Jersey,Newark,283673,896.45,27.14,40.89,377.19,451.22,2395.01,423.73,1128.06,843.22,3316.84
64,New Mexico,Albuquerque,561375,1369.14,12.47,84.26,521.93,750.48,7365.84,1246.23,4750.84,1368.78,8734.98
65,New York,Buffalo,256169,1019.25,15.61,55.43,334.54,613.66,3836.14,919.71,2591.26,325.18,4930.34
66,New York,New York,8804190,538.9,3.39,27.56,162.42,345.52,1448.59,128.87,1253.15,66.56,1987.49
67,North Carolina8,Charlotte-Mecklenburg,914609,,9.4,,220.53,433.52,3815.18,701.5,2827.0,286.68,3836.39
68,North Carolina8,Raleigh,269088,,8.55,,316.63,467.13,3826.26,867.37,2675.7,283.18,3837.78
69,North Carolina8,Greensboro,290051,,15.86,,228.93,480.61,3562.13,710.91,2559.55,291.67,3601.78
70,Ohio,Cincinnati,309317,947.12,23.4,97.62,399.84,426.26,5049.88,1152.73,3400.69,496.46,5997.0
71,Ohio,Cleveland,372624,1556.76,27.77,128.97,699.88,700.14,4916.04,1518.87,2516.15,881.01,6538.45
72,Ohio,Columbus,905748,513.41,16.28,105.37,225.06,166.7,3944.94,815.29,2650.87,478.79,4501.8
73,Ohio,"Toledo4,5,7",270871,,12.63,,281.47,661.82,4003.74,1119.75,2615.15,268.84,4003.74
74,Oklahoma,Oklahoma City,648260,787.34,12.49,73.12,172.77,528.95,3752.51,941.75,2378.83,431.93,4552.5
75,Oklahoma,Tulsa,404868,1040.83,17.29,104.48,238.1,680.96,5455.61,1376.75,3224.26,854.6,6532.01
76,Oregon,Portland,10343,515.7,3.7,67.45,160.92,283.64,5677.02,729.13,3824.56,1123.33,6239.99
77,Pennsylvania,Philadelphia,1603797,947.58,20.06,75.02,382.46,470.04,3063.48,418.25,2297.23,348.0,4037.27
78,Pennsylvania,Pittsburgh,305932,656.36,17.98,29.42,262.15,346.81,3114.42,526.26,2365.89,222.27,3815.23
79,Tennessee,Memphis,652765,2003.32,27.73,90.38,529.59,1355.62,6297.83,1460.25,4224.49,613.08,8357.07
80,Tennessee,Nashville,674942,1138.17,16.3,72.9,303.14,745.84,3817.96,631.31,2806.61,380.03,4966.5
81,Texas,Arlington4,397377,516.89,4.78,63.92,144.95,303.24,3197.72,453.22,2402.25,342.24,3721.91
82,Texas,Austin,971949,414.84,2.57,85.81,101.55,224.91,3189.57,450.64,2525.03,213.9,3612.23
83,Texas,Corpus Christi,329256,702.49,6.38,70.46,142.75,482.91,3565.31,677.89,2665.4,222.02,4285.11
84,Texas,Dallas,1304379,774.64,12.48,62.08,327.0,373.09,3185.09,737.66,1856.26,591.16,3985.95
85,Texas,El Paso,688667,378.85,2.76,53.87,58.08,264.13,1818.88,188.33,1514.37,116.17,2203.25
86,Texas,Fort Worth,873069,560.21,8.02,65.17,147.3,339.72,3215.32,585.98,2319.4,309.94,3792.83
87,Texas,Allen,236243,316.62,3.39,54.6,135.03,123.6,3032.47,513.88,2175.73,342.87,3355.44
88,Texas,Houston,2304580,1095.23,11.5,58.42,417.96,607.34,4128.41,731.66,2900.82,495.93,5252.08
89,Texas,Frisco,242062,226.8,3.3,22.31,94.19,107.0,2539.43,400.31,1845.39,293.73,2775.73
90,Texas,Laredo,260669,321.86,3.84,43.73,59.08,215.22,2483.61,335.29,2083.1,65.22,2832.71
91,Texas,Denton,290413,149.79,5.17,27.89,40.98,75.75,1733.74,250.68,1366.33,116.73,1892.14
92,Texas,San Antonio,1434625,707.5,8.15,83.51,151.11,464.72,4844.84,770.82,3622.65,451.37,5565.95
93,Virginia,Chesapeake,240119,418.96,4.58,36.23,82.46,295.69,2272.21,276.11,1891.98,104.12,2699.5
94,Virginia,Norfolk,245190,555.9,14.68,55.06,151.31,334.84,3748.93,471.47,2984.62,292.83,4308.09
95,Virginia,Virginia Beach,454353,137.56,3.08,22.45,59.87,52.16,1934.62,165.95,1667.65,101.02,2083.4
96,Washington,Seattle,721365,632.69,3.74,36.87,210.02,382.05,5258.64,1081.98,3673.45,503.21,5911.99
97,Washington,Vancouver,217066,626.54,2.76,109.64,105.5,408.63,7231.44,1023.19,5408.03,800.22,7881.01
98,Wisconsin,Madison,255850,374.44,4.3,37.13,82.86,250.15,2662.11,362.32,2130.94,168.85,3040.46
99,Wisconsin,Milwaukee,595168,1597.36,19.83,72.92,490.45,1014.17,3792.04,927.13,1940.29,924.61,5441.99
100,Texas,Abilene,119886,393.7,2.5,31.7,105.9,253.6,3664.3,865.0,2656.7,142.6,8081.8
101,Ohio,Akron,198390,886.6,12.1,84.2,290.8,499.5,5057.7,1728.4,2965.9,363.4,11792.3
102,Virginia,Alexandria,145892,166.6,-,6.2,94.6,65.8,2049.5,192.6,1633.4,223.5,4426.0
103,Pennsylvania,Allentown,119334,547.2,12.6,45.3,313.4,176.0,3857.2,1045.8,2503.1,308.4,8751.099999999999
104,Texas,Amarillo,196576,650.1,5.1,56,141.4,447.7,4527.5,1061.7,3145.9,320.0,10294.3
105,New York,Amherst Town,117591,74.8,-,6,23.8,45.1,1922.8,182.0,1709.3,31.5,3989.3
106,Michigan,Ann Arbor,115008,197.4,0.9,30.4,43.5,122.6,2370.3,620.8,1650.3,99.1,5104.000000000001
107,California,Antioch,105009,1017.1,9.5,27.6,354.3,625.7,4530.1,1658.0,1828.4,1043.7,11057.300000000001
108,Colorado,Arvada,109029,144.9,-,20.2,26.6,98.1,2389.3,357.7,1847.2,184.4,5048.2
109,Georgia,Athens-Clarke County,117457,387.4,4.3,40.9,134.5,207.7,3917.2,978.2,2732.9,206.0,8563.9
110,Illinois,Aurora,199765,281.8,-,32.5,62.6,186.7,1784.6,472.6,1249.0,63.1,4100.4
111,Louisiana,Baton Rouge,231500,1082.9,28.5,27.6,446.2,580.6,5209.1,1652.7,3348.2,208.2,12527.900000000001
112,Texas,Beaumont,120323,1032.2,10.8,63.2,339.1,619.2,4840.3,1519.2,3089.2,231.9,11671.1
113,Washington,Bellevue,126022,127.8,1.6,20.6,53.2,52.4,2779.7,543.6,2102.0,134.1,5792.8
114,California,Berkeley,114961,423.6,4.3,33.9,291.4,93.9,4954.7,844.6,3552.5,557.6,10718.300000000001
115,Montana,Billings,106371,347.8,2.8,35.7,63.9,245.4,4523.8,745.5,3391.9,386.4,9704.7
116,Alabama,Birmingham,213266,1517.8,31.4,71.3,460.9,954.2,6934.1,2205.7,4239.8,488.6,16801.1
117,Idaho,Boise,211569,268.0,0.5,35.4,30.3,201.8,2524.9,431.5,2019.2,74.2,5549.9
118,Colorado,Boulder,100257,248.4,-,31.9,47.9,168.6,2929.5,470.8,2331.0,127.7,6323.900000000001
119,Connecticut,Bridgeport,146030,1205.2,15.1,265.7,415.0,509.5,3528.7,943.0,1991.4,594.4,9187.199999999999
120,Oklahoma,Broken Arrow,100688,153.9,1,32.8,38.7,81.4,2172.1,371.4,1686.4,114.2,4618.099999999999
121,Texas,Brownsville,181102,261.2,1.7,21,69.0,169.5,4603.5,632.2,3857.5,113.7,9706.6
122,California,Burbank,105057,231.3,1.9,22.8,105.7,100.9,2373.0,364.6,1819.0,189.4,5183.9
123,Massachusetts,Cambridge,106981,402.9,0.9,18.7,126.2,257.1,2889.3,469.2,2320.0,100.0,6564.7
124,Florida,Cape Coral,159625,143.5,2.5,10,25.7,105.2,2205.8,538.8,1595.6,71.4,4686.0
125,California,Carlsbad,107879,245.6,1.9,24.1,51.0,168.7,1955.0,460.7,1356.1,138.1,4375.200000000001
126,Texas,Carrollton,124477,144.6,1.6,5.6,60.3,77.1,2742.7,619.4,1894.3,229.0,5767.4
127,North Carolina,Cary,141016,81.6,-,7.8,20.6,53.2,1353.7,262.4,1046.7,44.7,2862.8999999999996
128,Iowa,Cedar Rapids,128401,277.3,2.3,33.5,75.5,165.9,3678.3,752.3,2728.2,197.8,7875.3
129,Colorado,Centennial,104022,150.9,1,38.5,31.7,79.8,1383.4,266.3,1043.0,74.0,3029.1000000000004
130,Arizona,Chandler,242721,258.7,1.6,26.4,61.4,169.3,2707.2,472.6,2129.2,105.5,5903.9
131,South Carolina,Charleston,123856,239.0,9.7,15.3,84.0,130.0,2723.3,302.0,2231.6,189.7,5899.599999999999
132,Virginia,Chesapeake,227531,368.7,5.3,15.8,88.8,258.9,2765.3,454.4,2188.3,122.6,6247.000000000001
133,California,Chula Vista,249830,232.6,3.2,13.2,90.9,125.3,2033.8,370.7,1262.1,401.1,4516.5
134,Tennessee,Clarksville,137356,637.0,7.3,33.5,72.1,524.2,2723.6,710.6,1891.4,121.6,6680.5
135,Florida,Clearwater,109255,665.4,2.7,54,188.5,420.1,3902.8,841.2,2900.6,161.1,9079.7
136,Missouri,Columbia,110646,430.2,2.7,37.1,146.4,244.0,3814.9,708.6,2977.1,129.2,8450.400000000001
137,Georgia,Columbus,196178,506.7,8.7,15.8,215.6,266.6,5742.7,1380.9,3930.6,431.2,12474.300000000001
138,California,Concord,125205,321.1,-,15.2,122.2,183.7,3340.1,662.1,2151.7,526.3,7307.2
139,Florida,Coral Springs,125021,183.2,0.8,8,62.4,112.0,2255.6,457.5,1678.1,120.0,4868.799999999999
140,California,Corona,157342,133.5,0.6,10.8,64.8,57.2,2633.1,547.2,1758.0,327.9,5521.7
141,California,Costa Mesa,112635,225.5,3.6,28.4,73.7,119.9,3621.4,593.1,2707.9,320.5,7662.0
142,California,Daly City,103311,209.1,-,8.7,73.6,126.8,1745.2,382.3,1114.1,248.8,3899.9
143,Iowa,Davenport,101193,596.9,4,39.5,149.2,404.2,4039.8,879.5,2877.7,282.6,9229.9
144,Ohio,Dayton,142139,973.7,16.9,78.8,445.3,432.7,5899.2,2140.9,3270.7,487.6,13650.1
145,Texas,Denton,118942,310.2,0.8,72.3,68.9,168.1,2742.5,531.4,2079.2,132.0,6032.299999999999
146,Iowa,Des Moines,207400,527.5,3.4,48.2,120.5,355.4,4922.9,1212.2,3333.7,377.0,10849.199999999999
147,California,Downey,113628,335.3,5.3,17.6,167.2,145.2,3112.8,589.6,1679.2,844.0,6873.3
148,North Carolina,Durham,235563,725.9,8.9,26.7,261.1,429.2,4363.6,1394.1,2670.6,298.9,10143.4
149,New Jersey,Edison Township,101007,120.8,-,8.9,58.4,53.5,1466.2,337.6,1018.7,109.9,3165.1
150,California,El Cajon,101864,358.3,2,23.6,144.3,188.5,2369.8,484.0,1499.1,386.8,5430.8
151,California,El Monte,115356,342.4,3.5,12.1,176.0,150.8,1933.1,495.0,937.1,501.1,4535.5
152,Illinois,Elgin,109155,235.4,1.8,61.4,69.6,102.6,1815.8,327.1,1416.3,72.4,4039.2000000000003
153,New Jersey,Elizabeth,126281,797.4,11.1,29.3,423.7,333.4,3445.5,781.6,1739.8,924.1,8445.5
154,California,Elk Grove,156344,327.5,0.6,12.8,60.8,253.3,2105.6,431.1,1538.9,135.6,4852.8
155,Pennsylvania,Erie,101972,449.1,7.8,62.8,168.7,209.9,3442.1,1073.8,2266.3,102.0,7711.900000000001
156,California,Escondido,147386,426.1,3.4,25.8,139.8,257.1,2637.3,518.4,1604.6,514.3,6097.6
157,Oregon,Eugene,158043,272.1,-,45.6,124.0,102.5,5064.4,958.6,3830.6,275.2,10627.400000000001
158,Indiana,Evansville,118194,473.8,6.8,47.4,168.4,251.3,5146.6,957.7,3833.5,355.3,11186.599999999999
159,Washington,Everett,105318,456.7,0.9,43.7,172.8,239.3,6092.0,1106.2,4064.8,921.0,13052.8
160,California,Fairfield,107110,423.9,7.5,28,129.8,258.6,3096.8,631.1,2001.7,464.0,7005.900000000001
161,North Dakota,Fargo,109813,358.8,1.8,62.8,41.9,252.2,2581.7,410.7,2029.8,141.1,5816.2
162,North Carolina,Fayetteville,205966,575.8,10.7,34,271.9,259.3,6390.9,1995.0,4028.8,367.1,13888.800000000001
163,Michigan,Flint,101632,2729.5,62,106.3,662.2,1899.0,5554.4,2931.2,2171.6,451.6,16399.5
164,California,Fontana,200874,423.2,2.5,15.4,144.9,260.4,2237.2,547.1,1189.3,500.8,5302.9
165,Colorado,Fort Collins,148792,262.8,1.3,29.6,26.9,205.0,2768.3,401.9,2271.0,95.4,6031.299999999999
166,Florida,Fort Lauderdale,170827,903.3,9.4,28.1,488.8,377.0,5830.5,1727.5,3757.6,345.4,13430.1
167,California,Fremont,218927,139.8,0.9,6.4,60.3,72.2,1945.4,537.2,1142.8,265.4,4163.1
168,Texas,Frisco,123205,79.5,-,6.5,19.5,53.6,2051.1,357.1,1650.1,43.8,4254.7
169,California,Fullerton,138455,326.5,-,22.4,98.9,205.1,2843.5,535.9,2074.3,233.3,6317.500000000001
170,Florida,Gainesville,127036,669.9,4.7,58.3,134.6,472.3,4094.1,794.3,3111.7,188.1,9465.0
171,California,Garden Grove,175079,250.7,0.6,9.1,77.1,163.9,2294.4,434.7,1516.5,343.3,5080.599999999999
172,Texas,Garland,234984,229.8,3,20,100.4,106.4,3691.7,943.9,2496.3,251.5,7820.0
173,Arizona,Gilbert,214264,95.7,2.3,8.9,27.5,56.9,1580.3,338.8,1164.9,76.5,3340.6
174,Arizona,Glendale,232997,491.4,5.2,23.2,177.3,285.8,6409.5,1221.9,4662.3,525.3,13773.5
175,California,Glendale,194902,119.5,-,3.1,55.4,61.1,1561.3,264.7,1138.0,158.5,3358.5
176,Texas,Grand Prairie,181782,274.5,0.6,27.5,88.0,158.4,2885.9,714.0,1824.2,347.7,6292.7
177,Michigan,Grand Rapids,189953,771.2,8.4,24.2,243.2,495.4,3484.0,1009.2,2333.7,141.1,8477.800000000001
178,Wisconsin,Green Bay,106080,484.5,0.9,41.5,82.0,360.1,2807.3,621.2,2083.3,102.8,6541.200000000001
179,Oregon,Gresham,108202,450.1,3.7,30.5,191.3,224.6,4489.8,818.8,2985.2,685.8,9845.599999999999
180,Virginia,Hampton,137905,227.7,6.5,11.6,105.9,103.7,3377.0,549.7,2637.3,190.0,7191.3
181,Connecticut,Hartford,125203,1321.9,18.4,21.6,511.2,770.7,4248.3,838.6,2769.1,640.6,11100.400000000001
182,California,Hayward,147424,415.8,4.1,31.2,232.0,148.6,3250.5,752.3,1510.6,987.6,7297.4
183,Florida,Hialeah,233107,347.5,1.7,17.2,111.5,217.1,3086.1,449.6,2320.4,316.2,6848.400000000001
184,North Carolina,High Point,106801,520.6,4.7,17.8,173.2,324.9,4135.7,1112.3,2755.6,267.8,9290.099999999999
185,Florida,Hollywood,145313,442.5,3.4,26.2,191.3,221.6,5307.9,1347.4,3506.2,454.2,11471.099999999999
186,California,Huntington Beach,194677,160.8,1.5,15.9,42.6,100.7,2809.8,409.4,2235.5,164.9,5923.7
187,Alabama,Huntsville,183691,923.3,7.6,39.2,248.2,628.2,5041.6,1178.6,3476.5,386.5,11882.9
188,Missouri,Independence,117433,457.3,4.3,36.6,108.1,308.3,6090.3,1067.0,4356.5,666.8,13054.3
189,California,Inglewood,111488,699.6,12.6,24.2,334.6,328.3,2397.6,579.4,1245.9,572.3,6157.7
190,California,Irvine,217528,50.6,0.9,3.7,13.3,32.6,1518.9,262.0,1194.8,62.1,3134.2999999999997
191,Texas,Irving,224007,226.3,1.3,12.1,60.3,152.7,2815.5,570.1,1993.7,251.8,6070.400000000001
192,Mississippi,Jackson,175939,948.1,35.8,76.7,454.1,381.4,6575.0,2344.0,3585.3,645.7,14933.600000000002
193,Illinois,Joliet,148471,340.8,7.4,20.2,70.0,243.1,2583.0,642.5,1834.0,106.4,5819.799999999999
194,Kansas,Kansas City,147201,595.8,10.2,57.7,188.2,339.7,5120.9,1203.8,3096.4,820.6,11365.4
195,Washington,Kent,122102,444.7,1.6,55.7,158.9,228.5,4478.2,1014.7,2755.9,707.6,9788.5
196,Texas,Killeen,131965,644.9,9.1,62.1,178.8,394.8,3778.3,1135.1,2497.6,145.5,8775.0
197,Tennessee,Knoxville,182254,973.4,9.9,65.3,289.7,608.5,6676.9,1581.3,4594.1,501.5,15225.4
198,Louisiana,Lafayette,122852,634.1,9,9,164.4,451.8,5547.3,1082.6,4268.6,196.2,12345.000000000002
199,Colorado,Lakewood,146404,461.7,1.4,64.2,101.1,295.1,4579.8,626.3,3538.2,415.3,10017.5
200,California,Lancaster,159155,539.7,5,33.9,196.7,304.1,2197.9,655.3,1288.7,253.8,5436.2
201,Michigan,Lansing,114688,939.9,11.3,80.2,177.0,671.4,3290.7,1139.6,1920.9,230.2,8369.7
202,Texas,Laredo,245558,421.9,3.3,33,74.5,311.1,4351.3,699.6,3496.5,155.2,9510.100000000002
203,Arkansas,Little Rock,196055,1315.4,23,69.9,411.6,811.0,8061.0,2164.7,5337.8,558.5,18660.0
204,Massachusetts,Lowell,108539,539.0,-,34.1,160.3,344.6,2879.1,782.2,1825.2,271.8,6802.2
205,Texas,Lubbock,237241,827.0,4.6,43.8,137.0,641.5,5173.2,1306.3,3552.9,314.0,11951.9
206,Wisconsin,Madison,237508,377.7,1.3,48,101.5,226.9,3264.3,674.1,2483.3,106.9,7234.7
207,New Hampshire,Manchester,110040,567.1,0.9,65.4,186.3,314.4,3496.9,771.5,2588.1,137.2,8061.500000000001
208,Texas,McAllen,135745,122.3,0.7,2.2,41.3,78.1,4025.9,370.5,3499.9,155.4,8293.4
209,Texas,McKinney,138105,165.8,-,39.1,42.0,84.7,2017.3,356.3,1585.7,75.3,4327.1
210,Texas,Mesquite,144811,305.2,1.4,9.7,126.4,167.8,4340.1,1082.8,2782.9,474.4,9279.6
211,Florida,Miami Gardens,111177,837.4,22.5,14.4,331.9,468.6,4303.0,1160.3,2771.3,371.5,10244.0
212,Texas,Midland,115637,344.2,3.5,18.2,45.0,277.6,2601.2,483.4,2000.2,117.6,5869.200000000001
213,Florida,Miramar,125998,426.2,1.6,24.6,129.4,270.6,2368.3,684.1,1508.8,175.4,5562.799999999999
214,California,Modesto,204631,777.0,9.8,28.8,219.9,518.5,5510.4,1256.4,3374.9,879.1,12536.199999999999
215,Alabama,Montgomery,209018,395.7,21.1,19.6,219.6,135.4,5768.9,1631.0,3611.2,526.7,12288.5
216,California,Moreno Valley,199673,353.6,2.5,12.5,165.8,172.8,3190.7,1010.7,1730.8,449.2,7073.599999999999
217,Tennessee,Murfreesboro,112247,624.5,2.7,49,119.4,453.5,3568.9,822.3,2582.7,163.9,8335.2
218,California,Murrieta,106839,65.5,0.9,7.5,19.7,37.4,1605.2,381.9,1101.7,121.7,3333.0999999999995
219,Illinois,Naperville,142840,83.3,2.1,4.9,16.8,59.5,1431.0,178.5,1223.7,28.7,3021.5
220,Connecticut,New Haven,129934,1439.2,13.1,42.3,649.6,734.2,5014.9,1116.7,3348.6,549.5,12852.7
221,Virginia,Newport News,181591,415.2,11,27.5,149.2,227.4,3151.0,566.7,2440.1,144.3,7093.900000000001
222,Virginia,Norfolk,245303,543.0,13.9,30.6,200.2,298.4,4643.6,921.7,3425.6,296.4,10328.9
223,Oklahoma,Norman,113969,151.8,0.9,45.6,47.4,57.9,2676.2,551.9,1976.0,148.3,5609.5
224,South Carolina,North Charleston,100675,732.1,12.9,60.6,210.6,448.0,5718.4,848.3,4333.7,536.4,12827.499999999998
225,Nevada,North Las Vegas,221884,763.9,6.3,32.9,175.3,549.4,2494.1,701.7,1362.0,430.4,6476.799999999999
226,California,Norwalk,107295,403.6,10.3,12.1,159.4,221.8,2431.6,502.4,1432.5,496.8,5648.099999999999
227,California,Oceanside,171141,425.4,4.7,28,102.3,290.4,2506.1,491.4,1754.7,260.0,5830.3
228,Texas,Odessa,103635,1064.3,4.8,41.5,136.1,881.9,3586.6,743.0,2475.0,368.6,9255.5
229,Kansas,Olathe,128560,148.6,-,29.6,18.7,100.3,1929.1,245.0,1546.4,137.7,4125.8
230,California,Ontario,167933,318.0,1.8,21.4,158.4,136.4,3010.7,630.0,1797.7,583.0,6634.2
231,California,Orange,139692,96.6,2.9,5.7,38.7,49.4,2028.0,357.9,1463.2,206.9,4240.7
232,Florida,Orlando,246513,1017.4,9.7,41.8,244.6,721.3,6613.8,1532.6,4552.3,529.0,15211.0
233,Kansas,Overland Park,177085,160.9,1.1,22.6,23.7,113.5,2303.4,292.0,1828.5,183.0,4905.0
234,California,Oxnard,201797,298.8,4.5,4,150.6,139.7,2017.4,420.2,1326.6,270.6,4623.9
235,Florida,Palm Bay,104635,528.5,2.9,18.2,74.5,432.9,2348.2,687.2,1530.1,130.9,5732.299999999999
236,California,Palmdale,155294,522.9,3.9,23.8,144.2,350.9,2184.9,666.5,1331.7,186.7,5387.8
237,California,Pasadena,139382,310.7,3.6,15.1,123.4,168.6,2424.3,639.3,1605.7,179.4,5451.4
238,Texas,Pasadena,154562,402.4,5.2,33.6,95.1,268.5,3629.6,646.3,2644.2,339.0,8025.1
239,New Jersey,Paterson,147148,1054.7,14.3,15,580.4,445.1,3153.3,1100.3,1436.6,616.4,8386.8
240,Florida,Pembroke Pines,159744,149.0,1.3,8.8,52.0,87.0,2653.0,529.6,1987.6,135.8,5594.0
241,Arizona,Peoria,158347,186.9,5.7,15.2,48.6,117.5,2951.1,586.7,2196.4,168.0,6255.200000000001
242,Illinois,Peoria,115288,797.1,8.7,21.7,281.0,485.7,4356.0,1231.7,2923.1,201.2,10275.800000000001
243,California,Pomona,151511,673.9,11.2,41.6,248.8,372.3,3336.4,594.7,2009.1,732.6,7967.799999999999
244,Florida,Pompano Beach,103003,1029.1,4.9,35.9,406.8,581.5,5399.8,1245.6,3763.0,391.3,12817.099999999999
245,Florida,Port St. Lucie,168416,234.5,2.4,27.9,32.7,171.6,1799.7,484.5,1261.2,54.0,4038.2
246,Rhode Island,Providence,177882,636.9,9.6,47.2,203.5,376.7,4484.4,1084.4,2745.6,654.4,10185.9
247,Utah,Provo,116879,127.5,-,30.8,16.3,80.4,2109.0,257.5,1754.8,96.7,4442.2
248,Colorado,Pueblo,109065,730.8,7.3,19.3,182.5,521.7,6445.7,1737.5,4256.2,452.0,14326.400000000001
249,California,Rancho Cucamonga,169276,189.6,2.4,9.5,66.2,111.7,2576.9,862.5,1433.8,280.6,5521.3
250,Nevada,Reno,230486,517.2,3,14.3,141.9,357.9,3220.6,708.5,2129.8,382.2,7458.1
251,California,Rialto,101595,501.0,3.9,16.7,197.8,282.5,3514.9,883.9,1769.8,861.3,8011.2
252,Texas,Richardson,103266,165.6,1.9,26.1,77.5,60.0,2909.0,675.9,2106.2,126.9,6121.099999999999
253,California,Richmond,106357,1092.5,16.9,33.8,367.6,674.1,4718.1,1445.1,1518.5,1754.5,11570.4
254,Virginia,Richmond,207799,648.7,20.2,18.3,304.6,305.6,4380.7,976.9,2953.8,450.0,10020.3
255,Minnesota,Rochester,108582,,1.8,,50.7,95.8,2505.9,455.9,1968.1,82.0,5158.4
256,New York,Rochester,211993,976.0,17,52.8,385.4,520.8,5322.3,1404.8,3624.2,293.4,12526.9
257,Illinois,Rockford,152293,1367.8,5.9,81.4,327.7,952.8,4995.6,1460.3,3285.1,250.2,12639.500000000002
258,California,Roseville,122896,238.4,1.6,12.2,68.4,156.2,2675.4,422.3,2063.5,189.6,5813.800000000001
259,Texas,Round Rock,106232,132.7,-,30.1,42.4,60.2,2481.4,316.3,2091.6,73.4,5198.0
260,Oregon,Salem,157353,358.4,4.4,25.4,87.7,240.9,4277.6,662.8,3150.9,463.9,9242.2
261,California,Salinas,154413,665.1,13.6,26.6,316.0,308.9,3177.2,788.8,1687.7,700.7,7644.4
262,Utah,Salt Lake City,192465,675.4,4.2,63.4,164.2,443.7,7459.5,947.7,5625.4,886.4,16202.3
263,California,San Bernardino,214987,940.5,21.9,26,373.5,519.1,4888.7,1306.6,2321.5,1260.5,11610.4
264,California,Santa Clara,119360,185.2,-,8.4,51.1,125.7,2769.8,489.3,1904.3,376.2,5901.6
265,California,Santa Clarita,179248,190.8,0.6,16.7,53.6,119.9,1529.7,343.7,1016.5,169.6,3423.7999999999997
266,California,Santa Maria,101207,681.8,-,20.7,143.3,517.8,2401.0,703.5,1302.3,395.2,6144.9
267,California,Santa Rosa,170862,372.2,1.2,39.2,73.7,258.1,2234.6,424.3,1625.3,184.9,5173.099999999999
268,Georgia,Savannah-Chatham Metropolitan,231285,379.6,9.9,10.8,212.3,146.6,3599.5,900.6,2413.9,284.9,7937.4
269,Arizona,Scottsdale,223432,147.2,1.3,18.8,51.5,75.6,2706.4,561.7,2036.9,107.9,5687.199999999999
270,Louisiana,Shreveport,202164,766.7,8.4,45.5,214.2,498.6,4878.2,1199.5,3449.2,229.5,11235.9
271,California,Simi Valley,126686,111.3,2.4,5.5,28.4,75.0,1512.4,314.2,1100.4,97.9,3239.6000000000004
272,South Dakota,Sioux Falls,158354,398.5,1.3,87.8,44.2,265.2,3183.4,567.7,2426.8,188.8,7074.6
273,Indiana,South Bend,101398,613.4,17.8,54.2,311.6,229.8,4760.4,1720.0,2759.4,281.1,10675.7
274,Washington,Spokane,212163,645.3,6.1,38.2,253.1,347.8,8730.1,1803.8,5938.8,987.4,18706.300000000003
275,Illinois,Springfield,117131,971.6,8.5,64.9,222.0,676.2,5929.3,1425.8,4296.9,206.6,13728.4
276,Massachusetts,Springfield,154518,1039.4,7.1,25.2,350.8,656.2,4545.7,1499.5,2554.4,491.9,11137.9
277,Missouri,Springfield,160962,991.5,9.9,87.6,219.3,674.7,9010.8,1376.1,6981.8,652.9,19907.100000000002
278,Florida,St. Petersburg,248340,901.6,6,37.9,235.6,622.1,5013.7,1181.0,3479.9,352.7,11786.6
279,Connecticut,Stamford,124201,282.6,4,20.1,116.7,141.7,1555.5,233.5,1185.2,136.9,3652.1
280,Michigan,Sterling Heights,129974,178.5,3.1,12.3,23.1,140.0,1983.5,274.7,1584.2,124.6,4308.6
281,California,Sunnyvale,143606,118.4,2.1,9.7,49.4,57.1,1779.2,364.9,1181.0,233.3,3783.3
282,Arizona,Surprise,120793,134.1,2.5,6.6,51.3,73.7,2059.7,429.7,1532.4,97.7,4378.599999999999
283,New York,Syracuse,145934,940.2,9.6,51.4,311.1,568.1,4095.0,1299.2,2534.0,261.8,10009.399999999998
284,Washington,Tacoma,202646,797.0,5.9,45.9,239.8,505.3,6349.0,1463.1,3945.3,940.6,14240.1
285,Florida,Tallahassee,185461,853.0,6.5,62,283.1,501.5,4646.3,1418.1,2945.6,282.5,10930.1
286,California,Temecula,103414,93.8,-,9.7,51.3,32.9,2359.4,568.6,1585.9,205.0,4896.9
287,Arizona,Tempe,166061,528.7,6.6,26.5,152.4,343.2,4711.5,752.7,3664.3,294.5,10447.3
288,Colorado,Thornton,123115,269.7,0.8,47.1,33.3,188.4,2645.5,386.6,1974.6,284.3,5782.400000000001
289,California,Thousand Oaks,129171,121.5,-,17.8,35.6,68.1,1422.9,215.2,1138.0,69.7,3071.0
290,Kansas,Topeka,128843,599.2,11.6,30.3,183.9,373.3,5309.6,991.1,3855.1,463.4,11775.6
291,California,Torrance,147851,128.5,2.7,11.5,62.2,52.1,1819.4,357.8,1233.0,228.6,3881.6000000000004
292,Texas,Tyler,100040,535.8,3,45,92.0,395.8,4504.2,1024.6,3348.7,130.9,10031.999999999998
293,California,Vallejo,117912,744.6,11.9,37.3,322.3,373.2,4956.2,2279.7,1425.6,1250.9,11352.5
294,Washington,Vancouver,166375,355.8,3,43.3,103.4,206.2,3893.6,627.5,2610.4,655.7,8452.6
295,California,Ventura,108511,285.7,0.9,22.1,129.0,133.6,3580.3,717.0,2603.4,259.9,7708.9
296,California,Victorville,118687,569.6,5.1,33.7,187.0,343.8,3762.0,1547.8,1669.1,545.1,8624.4
297,California,Visalia,127604,426.3,3.9,34.5,105.0,282.9,4334.5,961.6,2960.7,412.2,9483.2
298,Texas,Waco,128595,493.8,4.7,49,141.5,298.6,4544.5,1205.3,3218.6,120.5,10022.8
299,Michigan,Warren,134340,532.2,-,67.7,110.2,354.3,2819.0,743.6,1525.2,550.1,6634.6
300,Connecticut,Waterbury,110486,296.9,4.5,6.3,167.4,118.6,4265.7,599.2,3202.2,464.3,9114.3
301,California,West Covina,107861,260.5,1.9,10.2,100.1,148.3,2989.0,506.2,1979.4,503.4,6486.9
302,Utah,West Jordan,107103,185.8,1.9,22.4,30.8,130.7,2769.3,442.6,2113.9,212.9,5886.0
303,Florida,West Palm Beach,102422,801.6,16.6,30.3,326.1,428.6,5276.2,1258.5,3711.1,306.6,12108.7
304,Utah,West Valley,133725,447.9,0.7,67.3,89.7,290.1,4164.5,702.9,2970.3,491.3,9156.699999999999
305,Colorado,Westminster,109461,259.5,1.8,26.5,46.6,184.5,2585.4,360.9,1960.5,264.0,5661.4
306,Texas,Wichita Falls,105488,450.3,4.7,34.1,142.2,269.2,4759.8,1193.5,3348.2,218.0,10381.2
307,North Carolina,Wilmington,109370,565.1,7.3,21,238.6,298.1,5403.7,1548.9,3513.8,341.0,11909.2
308,North Carolina,Winston-Salem,234687,663.0,2.6,31.5,182.4,446.6,5838.0,1929.8,3617.6,290.6,12968.0
309,New Jersey,Woodbridge Township,100612,121.3,-,3,54.7,63.6,1955.0,335.9,1504.8,114.3,4149.6
310,Massachusetts,Worcester,183247,959.4,4.4,18,228.7,708.3,3510.0,1113.3,2143.0,253.8,8916.5
311,New York,Yonkers,198464,570.9,2,14.1,212.6,342.1,1292.4,269.6,906.5,116.4,3710.5
312,California,Alameda,75467,212.0,1.3,11.91,106.0,92.8,2507.1,392.2,1723.9,390.9,5424.9
313,Georgia,Albany,78512,1035.5,5.1,34.4,285.3,710.7,6369.7,1793.4,4291.1,285.3,14771.0
314,New York,Albany,98187,816.8,4.1,43.8,253.6,515.3,4420.1,903.4,3359.9,156.8,10425.9
315,California,Alhambra,84469,176.4,-,2.4,78.1,95.9,2271.8,384.8,1585.2,301.9,4894.1
316,Texas,Allen,88783,61.9,-,12.4,14.6,34.9,1612.9,242.2,1321.2,49.6,3337.3
317,Georgia,Alpharetta,60031,70.0,1.7,10,30.0,28.3,2048.9,211.6,1792.4,45.0,4226.200000000001
318,California,Apple Valley,70823,312.0,4.2,9.9,91.8,206.1,2646.0,979.9,1379.5,286.6,5901.900000000001
319,Wisconsin,Appleton,73431,290.1,-,38.1,30.0,222.0,1895.7,345.9,1513.0,36.8,4333.500000000001
320,Illinois,Arlington Heights,75463,54.3,1.3,9.3,10.6,33.1,1296.0,185.5,1088.0,22.5,2690.0
321,North Carolina,Asheville,85295,495.9,7,38.7,165.3,284.9,5756.5,869.9,4492.6,393.9,12459.0
322,Washington,Auburn,72218,343.4,8.3,31.8,152.3,150.9,5518.0,1362.5,3344.0,811.4,11682.5
323,Arizona,Avondale,78364,297.3,8.9,5.1,91.9,191.4,4698.6,874.1,3511.8,312.6,9977.700000000003
324,California,Baldwin Park,76644,340.5,2.6,6.5,95.2,236.2,2068.0,437.1,1123.4,507.5,4807.9
325,New Jersey,Bayonne,64036,206.1,-,9.4,64.0,132.7,1275.8,320.1,874.5,81.2,2954.3999999999996
326,Texas,Baytown,74420,331.9,6.7,20.2,130.3,174.7,4950.3,1261.8,3276.0,412.5,10537.5
327,Oregon,Beaverton,92276,152.8,-,22.8,39.0,91.0,1594.1,212.4,1262.5,119.2,3470.9999999999995
328,California,Bellflower,77886,390.3,7.7,14.1,173.3,195.2,2313.6,535.4,1137.6,640.7,5386.099999999999
329,Washington,Bellingham,82665,266.1,-,35.1,64.1,166.9,4808.6,742.8,3898.9,166.9,10114.300000000001
330,Pennsylvania,Bensalem Township,60665,131.9,1.6,11.5,64.3,54.4,3634.7,553.9,2934.1,146.7,7519.999999999999
331,Pennsylvania,Bethlehem,75388,315.7,2.7,25.2,160.5,127.3,2584.0,500.1,1973.8,110.1,5771.5
332,North Dakota,Bismarck,64103,340.1,1.6,48.4,25.0,265.2,3034.2,499.2,2374.3,160.7,6698.7
333,Illinois,Bloomington,77107,482.4,1.3,54.5,58.4,368.3,2330.5,463.0,1810.5,57.1,5570.200000000001
334,Indiana,Bloomington,81636,297.7,3.7,22,51.4,220.5,3973.7,761.9,3026.9,185.0,8517.099999999999
335,Minnesota,Bloomington,84596,,-,,69.7,74.5,3796.9,268.3,3437.5,91.0,7737.9
336,Florida,Boca Raton,86493,189.6,-,13.9,71.7,104.1,2956.3,567.7,2271.9,116.8,6278.100000000001
337,Illinois,Bolingbrook,73836,243.8,1.4,21.7,67.7,153.0,1542.6,219.4,1273.1,50.1,3549.7
338,Louisiana,Bossier City,63116,373.9,3.2,30.1,82.4,258.3,3858.0,660.7,3088.0,109.3,8430.599999999999
339,Florida,Boynton Beach,69937,570.5,7.1,11.4,181.6,370.3,4272.4,896.5,3160.0,215.9,9667.199999999999
340,New Jersey,Brick Township,75809,106.8,-,7.9,21.1,77.8,1642.3,349.6,1271.6,21.1,3490.2999999999997
341,Connecticut,Bristol,60688,153.2,4.9,14.8,84.0,49.4,2620.0,585.0,1850.4,184.6,5526.6
342,Massachusetts,Brockton,95156,1143.4,6.3,50.4,236.5,850.2,3227.3,856.5,2150.2,220.7,8684.800000000001
343,Minnesota,Brooklyn Park,77346,,5.2,,117.7,157.7,3399.0,637.4,2587.1,174.5,7073.4
344,Texas,Bryan,78479,397.6,1.3,39.5,87.9,268.9,3151.2,632.0,2407.0,112.1,7056.700000000001
345,California,Buena Park,82505,249.7,1.2,15.8,93.3,139.4,2504.1,414.5,1715.0,374.5,5490.5
346,Minnesota,Burnsville,61218,,-,,27.8,140.5,2956.6,330.0,2509.1,117.6,6081.6
347,California,Camarillo,66506,91.7,-,7.5,31.6,52.6,1436.0,209.0,1153.3,73.7,3047.8999999999996
348,New Jersey,Camden,77665,2566.1,86.3,95.3,972.1,1412.5,5159.3,1402.2,2850.7,906.5,15269.400000000001
349,Ohio,Canton,72914,999.8,13.7,87.8,567.8,330.5,6476.1,2180.7,3663.2,632.3,14850.400000000001
350,Indiana,Carmel,81819,13.4,-,2.4,7.3,3.7,987.5,138.1,793.2,56.2,1999.4
351,California,Carson,93233,557.7,7.5,15,152.3,382.9,2905.6,644.6,1671.1,589.9,6904.1
352,Illinois,Champaign,81329,911.1,3.7,62.7,166.0,678.7,3319.8,887.8,2332.5,99.6,8395.500000000002
353,New York,Cheektowaga Town,79178,221.0,-,24,83.4,113.7,3562.9,426.9,3026.1,109.9,7543.9
354,New Jersey,Cherry Hill Township,71337,157.0,1.4,-,77.1,78.5,3152.6,379.9,2645.2,127.6,6617.9
355,Wyoming,Cheyenne,60969,229.6,-,34.4,34.4,160.7,3413.2,418.2,2837.5,157.5,7251.099999999999
356,California,Chico,87090,323.8,1.1,52.8,109.1,160.8,2630.6,893.3,1445.6,291.7,5854.900000000001
357,California,Chino Hills,76632,83.5,-,2.6,28.7,52.2,1247.5,456.7,706.0,84.8,2659.4000000000005
358,California,Chino,79792,364.7,1.3,11.3,65.2,287.0,2651.9,704.3,1653.0,294.5,6020.6
359,Illinois,Cicero,84300,449.6,5.9,21.4,217.1,205.2,2634.6,843.4,1453.1,338.1,6141.1
360,California,Citrus Heights,85112,386.5,2.3,15.3,117.5,251.4,3662.2,734.3,2369.8,558.1,8079.8
361,New York,Clarkstown Town,80186,94.8,-,5,33.7,56.1,1884.4,133.4,1719.8,31.2,3953.3999999999996
362,New Jersey,Clifton,84684,217.3,-,15.4,94.5,107.5,1864.6,422.7,1275.3,166.5,4148.4
363,Michigan,Clinton Township,97001,300.0,-,39.2,59.8,201.0,2298.9,491.7,1620.6,186.6,5158.6
364,California,Clovis,97828,223.9,3.1,34.8,58.3,127.8,4114.4,976.2,2744.6,393.5,8638.699999999999
365,Texas,College Station,96567,508.5,3.1,35.2,39.4,430.8,2483.2,596.5,1824.6,62.1,5945.1
366,New York,Colonie Town,77853,59.1,-,-,37.2,21.8,2719.2,274.9,2372.4,71.9,5556.5
367,California,Compton,98057,1242.1,21.4,33.7,436.5,750.6,2446.5,585.4,1025.9,835.2,7322.2
368,Arkansas,Conway,60700,415.2,1.6,47.8,125.2,240.5,4182.9,675.5,3341.0,166.4,9146.699999999999
369,Minnesota,Coon Rapids,62301,,1.6,,25.7,67.4,3077.0,311.4,2669.3,96.3,6247.1
370,Iowa,Council Bluffs,62708,1186.5,1.6,106.8,129.2,948.8,6841.2,1546.9,4540.1,754.3,15947.0
371,Rhode Island,Cranston,80315,161.9,2.5,19.9,42.3,97.1,2375.6,488.1,1695.8,191.7,5052.499999999999
372,Connecticut,Danbury,81891,133.1,1.2,28.1,55.0,48.8,1907.4,350.5,1466.6,90.4,4051.8
373,Florida,Davie,94952,388.6,5.3,24.2,77.9,281.2,3657.6,702.5,2701.4,253.8,8063.000000000001
374,California,Davis,66628,142.6,-,30,46.5,66.0,2215.3,585.3,1499.4,130.6,4685.700000000001
375,Florida,Daytona Beach,61861,1155.8,6.5,37.2,289.4,822.8,6254.3,1291.6,4403.4,559.3,14776.599999999999
376,Michigan,Dearborn,97215,331.2,1,24.7,110.1,195.4,3376.0,475.2,2533.6,367.2,7388.7
377,Illinois,Decatur,76131,462.4,7.9,34.2,139.2,281.1,3215.5,1209.8,1898.0,107.7,7313.7
378,Florida,Deerfield Beach,77431,464.9,5.2,22,192.4,245.4,3174.4,767.1,2169.7,237.6,7251.5
379,Florida,Delray Beach,62044,736.6,9.7,41.9,253.0,432.0,4754.7,910.6,3594.2,249.8,10930.899999999998
380,Alabama,Dothan,66275,481.3,7.5,45.3,150.9,277.6,4427.0,1336.9,2894.0,196.2,9763.900000000001
381,Minnesota,Duluth,86830,,2.3,,103.7,245.3,4446.6,739.4,3509.2,198.1,9242.300000000001
382,Minnesota,Eagan,65180,,-,,16.9,23.0,2341.2,277.7,1996.0,67.5,4722.299999999999
383,New Jersey,East Orange,64682,562.8,7.7,34,219.5,301.5,1801.1,539.6,739.0,522.6,4686.1
384,Minnesota,Eden Prairie,62052,,-,,4.8,17.7,1551.9,172.4,1347.3,32.2,3126.3
385,Texas,Edinburg,80332,444.4,1.2,36.1,62.2,344.8,5890.6,1066.8,4563.6,260.2,12632.600000000002
386,Oklahoma,Edmond,83473,101.8,2.4,14.4,24.0,61.1,2012.6,363.0,1593.3,56.3,4212.1
387,California,Encinitas,60960,246.1,1.6,19.7,37.7,187.0,2126.0,477.4,1524.0,124.7,4722.900000000001
388,Illinois,Evanston,74820,304.7,4,5.3,105.6,189.8,2745.3,562.7,2098.4,84.2,6090.7
389,Connecticut,Fairfield,60122,54.9,-,3.3,21.6,29.9,2163.9,384.2,1663.3,116.4,4434.2
390,Massachusetts,Fall River,89753,1062.9,2.2,57.9,291.9,710.8,3014.9,862.4,1848.4,304.2,8095.499999999999
391,Michigan,Farmington Hills,80316,92.1,1.2,18.7,14.9,57.3,1573.8,287.6,1129.3,156.9,3311.9
392,Arkansas,Fayetteville,75387,514.7,1.3,76.9,53.1,383.4,4036.5,668.6,3191.5,176.4,9024.199999999999
393,Washington,Federal Way,91978,321.8,3.3,46.8,115.2,156.6,5551.3,1026.3,3657.4,867.6,11696.2
394,Indiana,Fishers,79375,17.6,-,1.3,11.3,5.0,1034.3,127.2,873.1,34.0,2102.5
395,Arizona,Flagstaff,66633,393.2,-,42,67.5,283.6,4253.1,363.2,3801.4,88.5,9250.5
396,Texas,Flower Mound,68023,30.9,-,-,7.4,23.5,827.7,157.3,645.4,25.0,1717.1999999999998
397,California,Folsom,73678,115.4,-,9.5,32.6,73.3,1733.2,319.0,1307.0,107.2,3687.7
398,Florida,Fort Myers,64379,1171.2,37.3,40.4,267.2,826.4,3644.0,787.5,2545.9,310.7,9552.900000000001
399,Arkansas,Fort Smith,87483,785.3,5.7,78.9,108.6,592.1,5453.6,1216.2,4028.2,209.2,12393.2
400,Massachusetts,Framingham,69605,221.2,-,10.1,30.2,181.0,1778.6,364.9,1270.0,143.7,3989.6
401,New Jersey,"Franklin Township, Somerset County",62885,114.5,1.6,3.2,74.7,35.0,1828.7,562.9,1122.7,143.1,3881.6
402,Tennessee,Franklin,64848,143.4,1.5,17,17.0,107.9,1593.0,138.8,1390.9,63.2,3454.2
403,Maryland,Frederick,66808,570.3,1.5,38.9,158.7,371.2,2842.5,366.7,2285.7,190.1,6785.2
404,Indiana,Gary,80472,904.7,46,69.6,341.7,447.4,5560.9,2030.5,2567.4,963.1,12815.7
405,North Carolina,Gastonia,72782,618.3,1.4,39.8,215.7,361.4,5842.1,1343.7,4224.9,273.4,12879.5
406,New Jersey,Gloucester Township,64898,320.5,-,10.8,63.2,246.5,2373.0,607.1,1670.3,95.5,5376.099999999999
407,Arizona,Goodyear,67033,153.7,-,17.9,35.8,100.0,2646.5,714.6,1772.3,159.6,5582.5
408,New York,Greece Town,96752,133.3,-,18.6,47.5,67.2,2641.8,423.8,2138.5,79.6,5531.700000000001
409,Colorado,Greeley,96276,442.5,1,41.5,66.5,333.4,3368.4,563.0,2659.0,146.5,7579.3
410,North Carolina,Greenville,86869,523.8,8.1,26.5,194.5,294.7,4426.2,1300.8,2988.4,137.0,9865.4
411,South Carolina,Greenville,60953,835.1,1.6,34.5,170.6,628.4,5287.7,989.3,3955.5,342.9,12209.499999999998
412,Connecticut,Greenwich,61948,37.1,-,3.2,9.7,24.2,594.0,72.6,485.9,35.5,1259.0
413,Connecticut,Hamden,61032,527.6,3.3,4.9,63.9,455.5,2264.4,321.1,1784.3,158.9,5575.7
414,New Jersey,"Hamilton Township, Mercer County",89111,211.0,-,11.2,110.0,89.8,2219.7,548.8,1522.8,148.1,4850.200000000001
415,Ohio,Hamilton,62791,592.4,4.8,141.7,250.0,195.9,7505.9,2052.8,5124.9,328.1,16050.0
416,Indiana,Hammond,81010,820.9,7.4,22.2,237.0,554.3,4256.3,1155.4,2645.4,455.5,10124.8
417,Texas,Harlingen,67112,403.8,6,34.3,92.4,271.2,4875.4,903.0,3807.1,165.4,10518.3
418,Massachusetts,Haverhill,61897,675.3,3.2,19.4,84.0,568.7,2324.8,634.9,1486.3,203.6,5977.6
419,California,Hawthorne,85692,743.4,8.2,30.3,358.3,346.6,2545.2,671.0,1328.0,546.1,6538.6
420,California,Hemet,81213,499.9,1.2,25.9,179.8,293.1,4292.4,1295.4,2407.3,589.8,9557.7
421,California,Hesperia,92383,435.1,6.5,18.4,74.7,335.6,2708.3,992.6,1282.7,433.0,6262.0
422,Oregon,Hillsboro,94119,191.2,2.1,36.1,55.2,97.7,2288.6,343.2,1823.2,122.2,4921.299999999999
423,Florida,Homestead,62785,1664.4,6.4,52.6,501.7,1103.8,5122.2,1396.8,3426.0,299.4,13514.299999999997
424,Alabama,Hoover,82332,104.5,2.4,15.8,55.9,30.4,2647.8,477.3,2067.2,103.2,5486.3
425,California,Indio,78501,573.2,2.5,28,194.9,347.8,3555.4,1065.0,1867.5,622.9,8226.7
426,Iowa,Iowa City,69214,267.3,1.4,41.9,44.8,179.2,2661.3,559.1,2014.0,88.1,5813.800000000001
427,Tennessee,Jackson,65725,1478.9,16.7,33.5,290.6,1138.1,4938.8,1478.9,3254.5,205.4,12785.199999999999
428,Wisconsin,Janesville,63642,281.3,3.1,33,55.0,190.1,3870.1,532.7,3235.3,102.1,8266.6
429,Georgia,Johns Creek,80037,53.7,-,3.7,20.0,30.0,657.2,129.9,507.3,20.0,1418.1000000000001
430,Tennessee,Johnson City,64342,495.8,1.6,21.8,79.3,393.2,4468.3,839.3,3478.3,150.8,9905.0
431,Arkansas,Jonesboro,68807,428.7,5.8,30.5,113.4,279.0,4588.2,1694.6,2745.4,148.2,9997.5
432,California,Jurupa Valley,97577,319.7,1,12.3,95.3,211.1,3252.8,749.2,1823.2,680.5,7131.8
433,Michigan,Kalamazoo,74797,878.4,12,102.9,220.6,542.8,4171.3,1116.4,2854.4,200.5,9984.4
434,Louisiana,Kenner,67110,207.1,3,17.9,90.9,95.4,3738.6,576.7,2939.9,222.0,7870.6
435,Washington,Kennewick,76971,297.5,1.3,42.9,45.5,207.9,3081.7,584.6,2332.0,165.0,6714.2
436,Wisconsin,Kenosha,99993,274.0,1,36,105.0,132.0,2999.2,707.0,2194.2,98.0,6509.4
437,Florida,Kissimmee,62183,905.4,3.2,54.7,194.6,652.9,5004.6,1321.9,3457.5,225.1,11762.0
438,California,La Habra,61731,238.1,3.2,11.3,72.9,150.7,1862.9,413.1,1278.1,171.7,4187.5
439,Indiana,Lafayette,68160,597.1,1.5,52.8,101.2,441.6,4831.3,1046.1,3494.7,290.5,10802.5
440,California,Laguna Niguel,64533,72.8,-,9.3,24.8,38.7,1183.9,291.3,838.3,54.2,2504.0
441,California,Lake Forest,79166,135.2,-,10.1,25.3,99.8,1374.3,286.7,1008.0,79.6,3008.9
442,Florida,Lakeland,99934,465.3,10,33,144.1,278.2,5219.4,1296.9,3737.5,185.1,11326.5
443,New Jersey,Lakewood Township,93742,117.3,2.1,1.1,49.1,65.1,1176.6,292.3,837.4,46.9,2584.7
444,California,Lakewood,81382,278.9,1.2,16,125.3,136.4,2533.7,455.9,1696.9,380.9,5608.0
445,Pennsylvania,Lancaster,60155,773.0,11.6,61.5,345.8,354.1,4820.9,729.8,3908.2,182.9,11114.699999999999
446,Florida,Largo,78783,500.1,1.3,54.6,144.7,299.6,3956.4,728.6,3062.8,165.0,8857.2
447,New Mexico,Las Cruces,99824,394.7,5,56.1,70.1,263.5,4426.8,992.7,3219.7,214.4,9581.9
448,Florida,Lauderhill,69046,850.2,11.6,27.5,350.5,460.6,4249.3,1793.0,2188.4,267.9,10159.9
449,Kansas,Lawrence,89180,414.9,-,58.3,59.4,297.2,4481.9,677.3,3577.0,227.6,9735.300000000001
450,Massachusetts,Lawrence,77661,1010.8,2.6,32.2,287.1,688.9,2530.2,690.2,956.7,883.3,7047.2
451,Oklahoma,Lawton,98781,931.4,13.2,38.5,175.1,704.6,5272.3,1579.3,3390.3,302.7,12355.7
452,Utah,Layton,69420,121.0,-,47.5,10.1,63.4,2748.5,469.6,2179.5,99.4,5691.5
453,Texas,League City,86127,91.7,-,18.6,32.5,40.6,2013.3,347.2,1586.0,80.1,4191.4
454,Missouri,Lee's Summit,91840,118.7,-,14.2,26.1,78.4,2316.0,286.4,1912.0,117.6,4855.200000000001
455,California,Livermore,82800,363.5,-,18.1,38.6,306.8,2180.0,374.4,1593.0,212.6,5068.900000000001
456,Michigan,Livonia,96028,152.0,3.1,19.8,33.3,95.8,2211.9,336.4,1667.2,208.3,4704.900000000001
457,California,Lodi,63718,439.4,3.1,18.8,135.0,282.5,4078.9,1183.3,2366.7,528.9,9014.699999999999
458,Colorado,Longmont,88925,211.4,-,12.4,33.7,165.3,2439.1,403.7,1917.3,118.1,5288.6
459,Texas,Longview,82554,560.8,8.5,33.9,158.7,359.8,5102.1,1150.8,3568.6,382.8,11283.6
460,Ohio,Lorain,64148,506.6,6.2,53,212.0,235.4,5039.9,1942.4,2913.6,183.9,11033.8
461,Colorado,Loveland,69147,209.7,-,31.8,31.8,146.1,2600.3,328.3,2205.4,66.5,5588.1
462,Virginia,Lynchburg,77347,345.2,3.9,44,59.5,237.9,2706.0,471.9,2144.9,89.2,6054.599999999999
463,Massachusetts,Lynn,91846,820.9,2.2,52.3,185.1,581.4,2818.8,760.0,1757.3,301.6,7225.100000000001
464,California,Lynwood,70908,763.0,12.7,33.8,297.6,418.9,1936.3,493.6,709.4,733.3,5352.1
465,Georgia,Macon,92836,628.0,22.6,44.2,260.7,300.5,7216.0,1969.1,4708.3,538.6,15621.200000000003
466,California,Madera,62796,742.1,3.2,30.3,181.5,527.1,2581.4,1039.9,990.5,551.0,6613.5
467,Massachusetts,Malden,60605,462.0,1.7,31.4,123.8,305.3,1985.0,463.7,1310.1,211.2,4861.099999999999
468,California,Manteca,68887,384.7,-,16,120.5,248.2,3891.9,659.1,2676.8,556.0,8537.2
469,Minnesota,Maple Grove,62840,,-,,17.5,20.7,2036.9,251.4,1745.7,39.8,4112.0
470,Washington,Marysville,61381,189.0,3.3,26.1,58.7,101.0,2882.0,648.4,1906.1,327.5,6112.7
471,Oregon,Medford,76037,558.9,2.6,51.3,84.2,420.8,5810.3,627.3,4950.2,232.8,12684.5
472,Florida,Melbourne,77133,853.1,7.8,62.2,172.4,610.6,4374.3,840.1,3379.9,154.3,10384.699999999999
473,California,Menifee,80047,108.7,1.2,5,30.0,72.5,2426.1,633.4,1385.4,407.3,5063.400000000001
474,California,Merced,80976,1000.3,11.1,30.9,265.5,692.8,5076.8,1179.4,3360.3,537.2,12112.3
475,Connecticut,Meriden,60934,364.3,8.2,41,124.7,190.4,2973.7,690.9,2007.1,275.7,6626.8
476,Idaho,Meridian,77270,119.1,-,16.8,11.6,90.6,1591.8,284.7,1281.2,25.9,3404.9
477,Florida,Miami Beach,91066,1033.3,5.5,46.1,446.9,534.8,9913.7,1150.8,8275.3,487.6,21842.399999999998
478,New Jersey,Middletown Township,66919,67.2,1.5,9,12.0,44.8,1092.4,240.6,829.4,22.4,2308.8
479,California,Milpitas,68433,118.4,1.5,16.1,49.7,51.1,2956.2,485.1,1972.7,498.3,6131.5
480,California,Mission Viejo,95599,76.4,-,3.1,29.3,43.9,1252.1,225.9,979.1,47.1,2653.7999999999997
481,Texas,Mission,80557,129.1,3.7,7.4,57.1,60.8,2942.0,525.1,2219.5,197.4,6131.0
482,Montana,Missoula,67758,326.2,-,36.9,48.7,240.6,4488.0,557.9,3775.2,155.0,9591.599999999999
483,Texas,Missouri City,70819,121.4,-,11.3,48.0,62.1,1241.2,309.2,865.6,66.4,2713.9
484,California,Montebello,63538,229.8,4.7,6.3,105.4,113.3,2793.6,1130.0,978.9,684.6,6035.6
485,California,Monterey Park,61270,122.4,6.5,1.6,68.5,45.7,1668.0,406.4,899.3,362.3,3572.6000000000004
486,South Carolina,Mount Pleasant,70016,218.5,-,7.1,8.6,202.8,1756.7,245.7,1428.2,82.8,3943.3
487,New York,Mount Vernon,68146,899.5,14.7,20.5,330.2,534.1,1973.7,475.4,1300.1,198.1,5711.1
488,California,Mountain View,75933,204.1,-,6.6,44.8,152.8,1868.8,234.4,1484.2,150.1,4139.200000000001
489,Indiana,Muncie,70300,367.0,1.4,12.8,140.8,211.9,4173.5,981.5,2903.3,288.8,9066.8
490,Idaho,Nampa,83316,243.7,2.4,52.8,24.0,164.4,2616.5,612.1,1908.4,96.0,5665.1
491,California,Napa,78589,274.8,2.5,21.6,49.6,201.0,2090.6,444.1,1365.3,281.2,4706.599999999999
492,New Hampshire,Nashua,86870,234.8,-,42.6,55.3,137.0,2717.9,431.7,2189.5,96.7,5862.9
493,Massachusetts,New Bedford,96031,1072.6,2.1,56.2,283.2,731.0,3311.4,967.4,2030.6,313.4,8709.6
494,Texas,New Braunfels,60482,190.1,1.7,31.4,44.6,112.4,3488.6,496.0,2840.5,152.1,7324.3
495,Connecticut,New Britain,73458,431.5,4.1,6.8,243.7,177.0,3971.0,1055.0,2381.0,535.0,8794.2
496,New York,New Rochelle,78025,232.0,-,3.8,116.6,111.5,1789.2,230.7,1475.2,83.3,4038.5
497,California,Newport Beach,87286,115.7,1.1,12.6,30.9,71.0,2464.3,509.8,1845.7,108.8,5146.200000000001
498,Massachusetts,Newton,86710,87.6,-,5.8,19.6,62.3,1031.0,213.4,799.2,18.5,2231.6000000000004
499,New Jersey,North Bergen Township,61747,144.1,3.2,11.3,58.3,71.3,1183.9,200.8,803.3,179.8,2641.5
500,Arkansas,North Little Rock,63125,711.3,12.7,14.3,280.4,404.0,8666.9,1907.3,6168.7,590.9,18729.5
501,Florida,North Miami,60964,854.6,4.9,34.4,351.0,464.2,4876.6,1286.0,3100.2,490.5,11423.1
502,Texas,North Richland Hills,65750,258.6,1.5,27.4,35.0,194.7,2390.9,457.8,1817.5,115.6,5270.1
503,Pennsylvania,Northern York Regional,66974,98.5,3,4.5,20.9,70.2,1736.5,150.8,1523.0,62.7,3662.6
504,Connecticut,Norwalk,86693,313.8,3.5,10.4,78.4,221.5,1975.9,288.4,1559.5,128.0,4565.5
505,Missouri,O'Fallon,80670,91.7,2.5,6.2,5.0,78.1,1544.6,155.0,1363.6,26.0,3264.0
506,Utah,Ogden,85083,414.9,2.4,29.4,112.8,270.3,4702.5,862.7,3585.9,253.9,10203.0
507,New Jersey,Old Bridge Township,66057,84.8,3,3,22.7,56.0,1380.6,216.5,1074.8,89.3,2924.7
508,Utah,Orem,91953,44.6,2.2,12,22.8,7.6,2357.7,220.8,2052.1,84.8,4790.400000000001
509,Wisconsin,Oshkosh,66514,287.2,-,19.5,27.1,240.6,2588.9,511.2,2022.1,55.6,5732.700000000001
510,Illinois,Palatine,68890,42.1,1.5,8.7,11.6,20.3,1293.4,47.9,1215.0,30.5,2660.8
511,California,Palo Alto,66019,80.3,-,6.1,39.4,34.8,2134.2,495.3,1566.2,72.7,4422.9
512,Ohio,Parma,80963,69.2,-,4.9,17.3,46.9,557.0,58.1,491.6,7.4,1247.5
513,Washington,Pasco,63806,304.0,1.6,20.4,64.3,217.8,2606.3,656.7,1686.4,263.3,5798.8
514,New Jersey,Passaic,70237,730.4,8.5,2.8,330.3,388.7,2077.3,625.0,1228.7,223.5,5603.900000000001
515,Rhode Island,Pawtucket,71085,405.1,5.6,49.2,113.9,236.3,3445.2,955.2,1959.6,530.4,7645.699999999999
516,Texas,Pearland,94702,129.9,1.1,19,29.6,80.3,1851.1,292.5,1470.9,87.6,3941.9
517,California,Perris,70616,339.9,4.2,8.5,133.1,194.0,2946.9,691.1,1583.2,672.7,6560.9
518,Texas,Pharr,73599,366.9,-,19,59.8,288.0,3157.7,750.0,2212.0,195.7,7030.099999999999
519,California,Pico Rivera,63988,407.9,1.6,9.4,143.8,253.2,2781.8,545.4,1661.2,575.1,6368.400000000001
520,California,Pittsburg,64890,234.2,4.6,9.2,127.9,92.5,3247.0,1141.9,1269.8,835.3,6948.6
521,Florida,Plantation,87705,317.0,4.6,12.5,144.8,155.1,3925.7,800.4,2909.8,215.5,8468.3
522,California,Pleasanton,71875,68.2,1.4,5.6,25.0,36.2,1779.5,229.6,1384.3,165.6,3688.4
523,Minnesota,Plymouth,72020,,-,,19.4,26.4,1663.4,358.2,1262.1,43.0,3372.5
524,Maine,Portland,66413,260.5,1.5,49.7,123.5,85.8,3963.1,618.9,3220.8,123.5,8396.099999999999
525,Virginia,Portsmouth,96739,476.5,11.4,42.4,188.1,234.7,4983.5,1259.1,3506.3,218.1,10866.300000000001
526,Massachusetts,Quincy,93736,427.8,-,33.1,89.6,305.1,1657.8,528.1,1006.0,123.8,4138.2
527,Wisconsin,Racine,79055,473.1,5.1,39.2,266.9,161.9,4023.8,1392.7,2466.6,164.4,8949.4
528,New York,Ramapo Town,85448,93.6,-,5.9,15.2,72.6,837.9,160.3,658.9,18.7,1857.2
529,California,Rancho Cordova,66214,593.5,13.6,42.3,169.1,368.5,3182.1,635.8,2060.0,486.3,7495.3
530,South Dakota,Rapid City,69979,607.3,5.7,158.6,78.6,364.4,5080.1,844.5,3906.9,328.7,11210.500000000002
531,Pennsylvania,Reading,88557,935.0,16.9,49.7,431.4,437.0,4078.7,1634.0,1839.5,605.3,9960.9
532,California,Redding,90974,774.9,3.3,72.5,144.0,555.1,4814.6,1195.9,3066.8,551.8,11103.099999999999
533,California,Redlands,70399,313.9,2.8,21.3,106.5,183.2,4250.1,863.6,2818.2,568.2,9103.7
534,California,Redondo Beach,67856,280.0,5.9,8.8,75.2,190.1,2352.0,392.0,1802.3,157.7,5249.3
535,California,Redwood City,78466,265.1,-,16.6,112.2,136.4,2294.0,670.4,1428.6,195.0,5101.7
536,Washington,Renton,93722,302.0,2.1,28.8,122.7,148.3,4867.6,957.1,3252.2,658.3,10308.2
537,New Mexico,Rio Rancho,89462,225.8,2.2,25.7,23.5,174.4,2128.3,406.9,1548.1,173.3,4680.3
538,Virginia,Roanoke,97780,554.3,9.2,40.9,144.2,360.0,4879.3,961.3,3664.3,253.6,10817.000000000002
539,South Carolina,Rock Hill,68064,656.7,11.8,52.9,164.6,427.5,3783.2,592.1,2950.2,240.9,8815.199999999999
540,Georgia,Roswell,92141,143.3,1.1,7.6,68.4,66.2,1867.8,433.0,1332.7,102.0,4013.3999999999996
541,California,San Clemente,65089,115.2,-,9.2,36.9,69.1,1289.0,268.9,926.4,93.7,2799.2
542,California,San Leandro,86869,503.1,2.3,17.3,312.0,171.5,4126.9,804.7,2410.5,911.7,9240.400000000001
543,California,San Marcos,85810,264.5,2.3,12.8,66.4,183.0,1750.4,426.5,1057.0,266.9,4014.7000000000003
544,California,San Mateo,99303,262.8,-,13.1,81.6,168.2,1889.2,287.0,1458.2,144.0,4291.0
545,California,San Ramon,74013,60.8,-,4.1,17.6,39.2,1148.4,197.3,855.3,95.9,2414.5
546,Georgia,Sandy Springs,97890,191.0,3.1,5.1,100.1,82.7,2809.3,724.3,1911.3,173.7,5992.400000000001
547,Utah,Sandy,90405,162.6,2.2,26.5,38.7,95.1,2945.6,501.1,2287.5,157.1,6187.700000000001
548,California,Santa Barbara,89871,403.9,-,59,105.7,239.2,3466.1,620.9,2697.2,148.0,7680.999999999999
549,California,Santa Cruz,60902,711.0,4.9,55.8,136.3,513.9,5886.5,865.3,4587.7,433.5,13134.2
550,New Mexico,Santa Fe,68751,481.4,2.9,21.8,158.5,298.2,5668.3,2773.8,2641.4,253.1,12274.7
551,California,Santa Monica,91215,433.0,2.2,25.2,165.5,240.1,3725.3,642.4,2887.7,195.1,8289.1
552,Illinois,Schaumburg,74585,91.2,-,17.4,24.1,49.6,3334.5,266.8,2984.5,83.1,6833.800000000001
553,New York,Schenectady,66631,939.5,10.5,48,298.7,582.3,4244.3,1215.7,2815.5,213.1,10309.1
554,Pennsylvania,Scranton,76118,331.1,-,30.2,169.5,131.4,3354.0,842.1,2359.5,152.4,7340.0
555,Kansas,Shawnee,63542,133.8,-,17.3,18.9,97.6,1668.2,239.2,1210.2,218.8,3586.7
556,Michigan,Shelby Township,73960,116.3,-,27,12.2,77.1,1417.0,220.4,1137.1,59.5,3039.6
557,Iowa,Sioux City,83289,329.0,2.4,36,55.2,235.3,4166.2,745.6,3175.7,244.9,8951.9
558,Illinois,Skokie,65096,205.8,-,26.1,56.8,122.9,2422.6,436.3,1892.6,93.7,5230.7
559,Massachusetts,Somerville,77200,348.4,-,29.8,106.2,212.4,2233.2,450.8,1616.6,165.8,5133.400000000001
560,California,South Gate,95966,576.2,9.4,15.6,276.1,275.1,2652.0,427.2,1268.2,956.6,6431.400000000001
561,California,South San Francisco,65006,170.8,-,18.5,44.6,107.7,2032.1,540.0,1203.0,289.2,4387.4
562,Michigan,Southfield,72253,487.2,2.8,47.1,188.2,249.1,3527.9,865.0,2117.6,545.3,7980.3
563,Nevada,Sparks,92387,253.3,1.1,34.6,73.6,144.0,2769.9,659.2,1850.9,259.8,6010.7
564,Washington,Spokane Valley,91164,215.0,1.1,34,73.5,106.4,5270.7,975.2,3821.7,473.9,10936.4
565,Arkansas,Springdale,71668,463.2,1.4,79.5,41.9,340.5,3756.2,637.7,2914.8,203.7,8358.0
566,Ohio,Springfield,60329,618.3,8.3,63,295.0,252.0,7188.9,2353.8,4551.7,283.4,15543.1
567,Oregon,Springfield,60119,173.0,-,28.3,49.9,94.8,5076.6,687.0,4012.0,377.6,10470.9
568,Missouri,St. Charles,66723,151.4,1.5,10.5,34.5,104.9,2921.0,332.7,2492.4,95.9,6132.799999999999
569,Utah,St. George,75780,204.5,-,35.6,30.4,138.6,2059.9,405.1,1540.0,114.8,4493.3
570,Missouri,St. Joseph,77330,417.7,1.3,28.4,117.7,270.3,6088.2,1284.1,4324.3,479.8,12982.099999999999
571,Texas,Sugar Land,82924,131.4,-,4.8,44.6,82.0,1858.3,348.5,1467.6,42.2,3974.6
572,Florida,Sunrise,87168,263.9,1.1,21.8,107.8,133.1,3704.3,916.6,2623.7,164.1,7913.500000000001
573,Florida,Tamarac,62382,306.2,8,20.8,118.6,158.7,2520.0,979.4,1383.4,157.1,5623.400000000001
574,Michigan,Taylor,62534,484.5,1.6,49.6,95.9,337.4,3834.7,900.3,2528.2,406.2,8587.2
575,Texas,Temple,68194,296.2,1.5,32.3,108.5,154.0,,,2101.4,130.5,2790.6000000000004
576,Indiana,Terre Haute,61152,312.3,6.5,47.4,139.0,119.4,6099.6,1692.5,3944.3,462.8,12769.899999999998
577,New Jersey,Toms River Township,92131,87.9,1.1,3.3,43.4,40.2,3140.1,694.7,2404.2,41.2,6451.7
578,California,Tracy,85047,170.5,4.7,9.4,77.6,78.8,2537.4,333.9,1866.0,337.5,5401.700000000001
579,New Jersey,Trenton,85317,1466.3,28.1,27,676.3,734.9,3218.6,1513.2,1155.7,549.7,9314.7
580,Michigan,Troy,81567,73.6,2.5,11,15.9,44.1,2040.0,221.9,1687.0,131.2,4213.7
581,California,Tulare,60848,617.9,9.9,16.4,116.7,475.0,3944.3,1176.7,2221.9,545.6,9098.1
582,California,Turlock,69730,638.2,2.9,28.7,139.1,467.5,3565.2,894.9,1940.3,730.0,8375.2
583,Alabama,Tuscaloosa,91973,519.7,4.3,40.2,184.8,290.3,4728.6,1285.2,3223.8,219.6,10452.000000000002
584,California,Tustin,77400,147.3,-,14.2,46.5,86.6,2135.7,310.1,1656.3,169.3,4551.8
585,California,Union City,71089,330.6,-,12.7,144.9,173.0,2543.3,604.9,1506.6,431.9,5735.2
586,New Jersey,Union City,67518,370.3,1.5,3,157.0,208.8,1873.6,356.9,1319.6,197.0,4483.2
587,California,Upland,75531,195.9,-,10.6,88.7,96.6,3082.2,838.1,1759.5,484.6,6545.6
588,Pennsylvania,Upper Darby Township,82978,623.1,3.6,19.3,325.4,274.8,2380.1,268.7,1975.2,136.2,5983.499999999999
589,New York,Utica,62445,658.2,1.6,36.8,201.8,418.0,4330.2,946.4,3225.2,158.5,9938.3
590,California,Vacaville,93951,261.8,3.2,25.5,77.7,155.4,2161.8,339.5,1639.2,183.1,4818.500000000001
591,Texas,Victoria,64076,632.1,7.8,48.4,73.4,502.5,4032.7,927.0,2944.9,160.7,9273.300000000001
592,New Jersey,Vineland,61252,367.3,1.6,11.4,107.8,246.5,4148.4,1133.0,2945.2,70.2,9018.400000000001
593,California,Vista,96087,483.9,1,26,149.9,307.0,1961.8,455.8,1163.5,342.4,4864.299999999999
594,California,Walnut Creek,65816,127.6,-,4.6,28.9,94.2,3114.7,677.6,2222.9,214.2,6480.099999999999
595,Massachusetts,Waltham,61725,236.5,-,19.4,38.9,178.2,1375.5,309.4,988.3,77.8,3204.6000000000004
596,Georgia,Warner Robins,69231,528.7,8.7,30.3,203.7,286.0,5747.4,1128.1,4405.5,213.8,12513.199999999999
597,Rhode Island,Warwick,82282,124.0,1.2,18.2,35.2,69.3,2572.9,405.9,2051.5,115.5,5374.3
598,Michigan,Waterford Township,72224,195.2,-,26.3,44.3,124.6,1856.7,412.6,1312.6,131.5,4077.5
599,Iowa,Waterloo,68919,682.0,5.8,92.9,100.1,483.2,3647.8,1201.4,2307.1,139.3,8560.9
600,Illinois,Waukegan,89468,469.4,2.2,52.5,178.8,235.8,3004.4,698.6,2234.3,71.5,6892.8
601,Wisconsin,Waukesha,71049,150.6,1.4,36.6,33.8,78.8,1835.4,327.9,1462.4,45.0,3933.9
602,Wisconsin,West Allis,60870,313.8,-,18.1,159.4,136.4,4793.8,906.9,3670.1,216.9,10197.3
603,Michigan,West Bloomfield Township,65157,55.3,3.1,3.1,13.8,35.3,1059.0,227.1,813.4,18.4,2222.3
604,Connecticut,West Hartford,63487,72.5,-,3.2,55.1,14.2,2669.8,382.8,2123.3,163.8,5481.500000000001
605,Michigan,Westland,83299,405.8,1.2,73.2,96.0,235.3,2893.2,690.3,1806.7,396.2,6523.499999999999
606,California,Westminster,91908,309.0,2.2,9.8,95.7,201.3,3128.1,507.0,2269.7,351.4,6862.2
607,Florida,Weston,67452,91.9,3,7.4,20.8,60.8,980.0,219.4,730.9,29.7,2133.5
608,California,Whittier,86740,284.8,-,11.5,93.4,179.8,2884.5,517.6,2026.7,340.1,6326.900000000001
609,Delaware,Wilmington,72088,1703.5,36.1,47.2,657.5,962.7,5304.6,1681.3,3117.0,506.3,13932.899999999998
610,Minnesota,Woodbury,63190,,-,,11.1,17.4,2291.5,305.4,1910.1,76.0,4611.5
611,Washington,Yakima,93419,605.9,11.8,55.7,162.7,375.7,6180.8,1683.8,3324.8,1172.1,13505.800000000001
612,California,Yorba Linda,65820,80.5,-,4.6,16.7,59.3,1195.7,338.8,808.3,48.6,2547.9
613,Pennsylvania,York Area Regional,60732,120.2,1.6,23.1,26.3,69.2,1052.2,260.2,759.1,32.9,2320.1000000000004
614,Ohio,Youngstown,66567,1027.5,33,58.6,366.5,569.4,5462.2,2612.4,2435.1,414.6,12887.7
615,California,Yuba City,65653,376.2,6.1,33.5,65.5,271.1,3018.9,763.1,1975.5,280.3,6750.6
616,Arizona,Yuma,95568,531.6,5.2,28.3,63.8,434.2,3508.5,999.3,2262.3,246.9,8046.6
617,Pennsylvania,"Abington Township, Montgomery County",55731,197.4,1.8,14.4,70.0,111.2,1979.1,296.1,1650.8,32.3,4336.9
618,Oregon,Albany,51084,86.1,0,19.6,45.0,21.5,3092.9,438.5,2470.4,184.0,6338.4
619,Louisiana,Alexandria,48449,1682.2,18.6,28.9,293.1,1341.6,7492.4,2010.4,5102.3,379.8,18301.8
620,California,Aliso Viejo,48999,87.8,0,0,12.2,75.5,847.0,208.2,612.3,26.5,1869.5
621,Florida,Altamonte Springs,42296,335.7,2.4,21.3,82.8,229.3,3057.0,427.9,2463.6,165.5,6761.799999999999
622,Pennsylvania,Altoona,46404,351.3,4.3,66.8,69.0,211.2,1946.0,487.0,1381.3,77.6,4523.400000000001
623,Iowa,Ames,59271,131.6,0,54,11.8,65.8,2453.1,491.0,1909.9,52.3,5115.5
624,Indiana,Anderson,56132,481.0,1.8,96.2,133.6,249.4,5095.1,1142.0,3584.4,368.8,11054.3
625,Iowa,Ankeny,46482,73.1,0,17.2,15.1,40.9,1385.5,305.5,1039.1,40.9,2900.1
626,Florida,Apopka,43046,339.2,2.3,30.2,137.1,169.6,3057.2,648.1,2269.7,139.4,6760.299999999999
627,Minnesota,Apple Valley,49827,,4,,32.1,36.1,2239.7,218.8,1968.8,52.2,4547.7
628,California,Arcadia,57295,99.5,0,1.7,38.4,59.3,2422.5,591.7,1701.7,129.2,5042.299999999999
629,Massachusetts,Arlington,43675,116.8,0,6.9,20.6,89.3,1179.2,229.0,925.0,25.2,2585.1
630,Massachusetts,Attleboro,44033,322.5,0,43.1,52.2,227.1,2411.8,556.4,1710.1,145.3,5425.400000000001
631,Alabama,Auburn,54785,240.9,5.5,23.7,45.6,166.1,3502.8,763.0,2646.7,93.1,7458.2
632,California,Azusa,47111,467.0,2.1,12.7,87.0,365.1,2555.7,649.5,1564.4,341.7,6030.399999999999
633,Massachusetts,Barnstable,45570,621.0,2.2,48.3,63.6,506.9,2784.7,829.5,1858.7,96.6,6761.0
634,Illinois,Bartlett,41477,74.7,0,9.6,21.7,43.4,764.3,69.9,670.3,24.1,1668.3999999999996
635,Tennessee,Bartlett,55510,237.8,0,12.6,34.2,191.0,1401.5,225.2,1124.1,52.2,3265.9999999999995
636,Ohio,Beavercreek,45563,54.9,0,13.2,28.5,13.2,2355.0,250.2,2074.1,30.7,4806.599999999999
637,Texas,Bedford,48763,293.3,2.1,20.5,59.5,211.2,2729.5,578.3,1993.3,157.9,6023.0
638,California,Bell Gardens,42769,292.3,7,4.7,156.7,123.9,1702.2,259.5,720.1,722.5,3977.2
639,Nebraska,Bellevue,51678,106.4,1.9,38.7,25.2,40.6,2209.8,299.9,1722.2,187.7,4591.8
640,Illinois,Berwyn,56933,198.5,1.8,35.1,77.3,84.3,2513.5,764.1,1566.8,182.7,5387.2
641,Massachusetts,Beverly,40150,206.7,0,19.9,32.4,154.4,1569.1,288.9,1252.8,27.4,3531.7000000000003
642,Massachusetts,Billerica,41016,136.5,2.4,24.4,17.1,92.6,1141.0,217.0,868.0,56.1,2528.2999999999997
643,Mississippi,Biloxi,45037,417.4,2.2,66.6,188.7,159.9,5033.6,1625.3,3153.0,255.3,10833.2
644,New York,Binghamton,47250,666.7,6.3,31.7,171.4,457.1,4943.9,1181.0,3665.6,97.4,11183.099999999999
645,Virginia,Blacksburg,43070,90.6,0,27.9,25.5,37.1,1102.9,185.7,875.3,41.8,2358.9000000000005
646,Minnesota,Blaine,57953,,0,,19.0,50.0,3316.5,345.1,2874.7,96.6,6701.9
647,Michigan,Bloomfield Township,41367,53.2,2.4,4.8,9.7,36.3,1092.7,256.2,795.3,41.1,2284.5
648,New Jersey,Bloomfield,47620,264.6,2.1,2.1,153.3,107.1,2286.9,552.3,1373.4,361.2,5098.8
649,Missouri,Blue Springs,52848,242.2,7.6,22.7,37.8,174.1,3343.6,492.0,2607.5,244.1,7141.3
650,Ohio,Boardman,40608,105.9,2.5,14.8,76.3,12.3,4181.4,672.3,3376.2,133.0,8557.4
651,Utah,Bountiful,43888,84.3,2.3,38.7,4.6,38.7,2141.8,325.8,1704.3,111.6,4411.1
652,Maryland,Bowie,55765,141.7,1.8,0,68.1,71.7,1624.7,313.8,1215.8,95.0,3530.8
653,Kentucky,Bowling Green,59043,320.1,6.8,61,127.0,125.3,5123.4,926.4,3932.7,264.2,10819.099999999999
654,Florida,Bradenton,50878,670.2,7.9,45.2,184.8,432.4,3982.1,1004.4,2830.3,147.4,9251.6
655,California,Brea,40253,183.8,0,5,57.1,121.7,3209.7,474.5,2613.5,121.7,6781.999999999999
656,California,Brentwood,52811,187.5,1.9,7.6,79.5,98.5,2243.9,454.5,1581.1,208.3,4853.3
657,New Jersey,Bridgewater Township,44884,29.0,0,8.9,11.1,8.9,1459.3,189.4,1236.5,33.4,2967.6
658,Pennsylvania,Bristol Township,54796,204.4,0,16.4,133.2,54.7,3146.2,662.5,2292.1,191.6,6684.700000000001
659,Massachusetts,Brookline,59658,137.5,0,6.7,52.0,78.8,1346.0,248.1,1067.8,30.2,2960.3999999999996
660,Colorado,Broomfield,58145,51.6,1.7,12,10.3,27.5,2086.2,154.8,1850.5,80.8,4261.7
661,Arizona,Buckeye,52213,103.4,5.7,1.9,21.1,74.7,2627.7,716.3,1769.7,141.7,5454.599999999999
662,Illinois,Buffalo Grove,41687,12.0,0,0,7.2,4.8,892.4,88.8,798.8,4.8,1808.8
663,Arizona,Bullhead City,40277,213.5,12.4,0,64.6,136.6,4037.0,819.3,2967.0,250.8,8488.8
664,North Carolina,Burlington,51430,789.4,3.9,33.1,204.2,548.3,5428.7,1304.7,3884.9,239.2,12399.4
665,Idaho,Caldwell,47223,256.2,2.1,14.8,14.8,224.5,2437.4,563.3,1772.4,101.6,5370.200000000001
666,California,Campbell,40339,223.1,0,44.6,79.3,99.2,4087.9,919.7,2734.3,433.8,8577.3
667,Illinois,Carol Stream,40008,90.0,0,7.5,15.0,67.5,1199.8,175.0,987.3,37.5,2572.1
668,Arizona,Casa Grande,50132,420.9,6,8,91.8,315.2,5699.0,1530.0,3857.8,311.2,12225.900000000001
669,Wyoming,Casper,56801,151.4,5.3,3.5,21.1,121.5,3464.7,639.1,2642.6,183.1,7223.5
670,Colorado,Castle Rock,50038,89.9,2,24,14.0,50.0,1331.0,203.8,1075.2,52.0,2815.9
671,California,Cathedral City,52867,385.9,3.8,18.9,128.6,234.6,2981.1,1184.1,1235.2,561.8,6711.299999999999
672,Texas,Cedar Hill,46633,227.3,0,23.6,81.5,122.2,3529.7,787.0,2560.4,182.3,7490.400000000001
673,Texas,Cedar Park,52051,209.4,0,21.1,17.3,171.0,1469.7,178.7,1254.5,36.5,3337.1000000000004
674,California,Ceres,46167,396.4,0,32.5,119.1,244.8,4202.1,853.4,2566.8,781.9,9164.5
675,California,Cerritos,49856,240.7,0,14,134.4,92.3,3750.8,884.5,2513.2,353.0,7968.9
676,North Carolina,Chapel Hill,58586,148.5,3.4,17.1,51.2,76.8,2548.4,771.5,1654.0,122.9,5373.299999999999
677,Virginia,Charlottesville,43991,450.1,4.5,38.6,113.7,293.2,3414.3,368.3,2832.4,213.7,7685.7
678,Michigan,Chesterfield Township,43474,278.3,0,16.1,32.2,230.0,2044.9,296.7,1640.1,108.1,4630.3
679,Missouri,Chesterfield,47560,48.4,0,4.2,14.7,29.4,1587.5,143.0,1402.4,42.1,3267.5
680,Massachusetts,Chicopee,55825,462.2,0,48.4,129.0,284.8,3007.6,1135.7,1657.0,215.0,6891.3
681,Ohio,Cleveland Heights,45761,367.1,0,21.9,240.4,104.9,3601.3,666.5,2768.7,166.1,7915.0
682,Tennessee,Cleveland,42068,881.9,0,68.9,92.7,720.3,5289.1,946.1,4162.3,180.7,12273.100000000002
683,California,Coachella,42034,630.4,11.9,21.4,159.4,437.7,3680.4,1008.7,1855.6,816.0,8588.199999999999
684,Florida,Coconut Creek,54651,195.8,1.8,18.3,58.6,117.1,2967.9,494.0,2314.7,159.2,6307.3
685,Idaho,Coeur d'Alene,45267,574.4,0,57.4,30.9,486.0,4369.6,952.1,3081.7,335.8,9830.5
686,Ohio,Colerain Township,58345,27.4,0,0,0.0,27.4,2668.6,270.8,2396.1,1.7,5392.0
687,Tennessee,Collierville,44690,172.3,0,11.2,15.7,145.4,1984.8,181.2,1761.0,42.5,4302.9
688,California,Colton,53431,353.7,0,18.7,157.2,177.8,3569.1,984.4,1922.1,662.5,7826.799999999999
689,Indiana,Columbus,44817,185.2,2.2,26.8,49.1,107.1,4931.2,584.6,3944.9,401.6,10203.7
690,Colorado,Commerce City,47590,357.2,14.7,56.7,35.7,250.1,2983.8,619.9,2103.4,260.6,6610.700000000001
691,New Hampshire,Concord,42815,214.9,0,51.4,44.4,119.1,2970.9,425.1,2482.8,63.1,6320.300000000001
692,Texas,Conroe,59856,369.2,3.3,21.7,123.6,220.5,3443.3,746.8,2507.7,188.8,7599.900000000001
693,Texas,Coppell,40053,67.4,0,7.5,10.0,49.9,1655.3,322.1,1295.8,37.5,3438.0
694,Florida,Coral Gables,48435,163.1,6.2,8.3,45.4,103.2,4701.1,844.4,3627.5,229.2,9713.900000000001
695,Oregon,Corvallis,55062,121.7,1.8,20,27.2,72.6,2575.3,426.8,2094.0,54.5,5372.1
696,California,Covina,48588,310.8,4.1,26.8,113.2,166.7,3398.0,808.8,2202.2,386.9,7386.599999999999
697,Illinois,Crystal Lake,40785,152.0,0,17.2,24.5,110.3,1971.3,149.6,1782.5,39.2,4229.4
698,California,Cupertino,59769,97.0,0,10,38.5,48.5,1333.5,292.8,952.0,88.7,2851.0
699,Florida,Cutler Bay,41799,296.7,2.4,12,83.7,198.6,4440.3,574.2,3638.8,227.3,9459.599999999999
700,Ohio,Cuyahoga Falls,49470,131.4,0,34.4,26.3,70.7,2575.3,464.9,1989.1,121.3,5379.000000000001
701,California,Cypress,48976,114.3,0,4.1,34.7,75.5,2078.6,373.7,1574.2,130.7,4381.7
702,California,Danville,43121,37.1,0,0,4.6,32.5,1025.0,218.0,767.6,39.4,2124.2000000000003
703,Virginia,Danville,43324,311.6,6.9,34.6,124.6,145.4,4487.1,974.1,3409.2,103.9,9555.9
704,Illinois,De Kalb,43722,448.3,0,77.8,64.0,306.5,2982.5,478.0,2449.6,54.9,6783.799999999999
705,Michigan,Dearborn Heights,57228,337.2,5.2,26.2,75.1,230.7,2201.7,655.3,1163.8,382.7,5046.5
706,Alabama,Decatur,56126,427.6,3.6,16,142.5,265.5,5190.1,1462.8,3499.3,228.1,11215.900000000001
707,California,Delano,54318,504.4,0,11,97.6,395.8,2645.5,1003.4,1016.2,625.9,6288.799999999999
708,Illinois,Des Plaines,58644,110.8,0,6.8,22.2,81.8,1604.6,233.6,1290.8,80.1,3423.9
709,Texas,Desoto,50795,259.9,2,21.7,84.7,151.6,3508.2,1224.5,2051.4,232.3,7512.599999999999
710,California,Diamond Bar,56470,97.4,0,1.8,30.1,65.5,1685.9,626.9,929.7,129.3,3564.8
711,Florida,Doral,47427,177.1,0,10.5,33.7,132.8,4982.4,493.4,4151.6,337.4,10308.4
712,Illinois,Downers Grove,48185,60.2,0,8.3,24.9,27.0,2062.9,325.8,1699.7,37.4,4237.9
713,Utah,Draper,43600,98.6,2.3,13.8,9.2,73.4,1986.2,350.9,1552.8,82.6,4153.700000000001
714,California,Dublin,47004,178.7,0,8.5,42.5,127.6,1555.2,329.8,1110.5,114.9,3459.2000000000003
715,Ohio,Dublin,42343,35.4,2.4,2.4,18.9,11.8,1284.7,226.7,1036.8,21.3,2635.6000000000004
716,Iowa,Dubuque,58460,219.0,3.4,34.2,37.6,143.7,,,1984.3,78.7,2463.2999999999997
717,Georgia,Dunwoody,47308,95.1,2.1,8.5,59.2,25.4,4073.3,572.8,3263.7,236.7,8326.2
718,New Jersey,East Brunswick Township,48009,52.1,0,0,22.9,29.2,1789.2,258.3,1491.4,39.6,3682.7000000000003
719,Connecticut,East Hartford,51431,373.3,3.9,50.6,161.4,157.5,3058.5,703.9,2000.7,353.9,6809.199999999999
720,Michigan,East Lansing,48701,238.2,0,34.9,39.0,164.3,2039.0,441.5,1427.1,170.4,4519.5
721,Rhode Island,East Providence,46994,151.1,4.3,27.7,29.8,89.4,1774.7,306.4,1342.7,125.5,3819.6000000000004
722,California,Eastvale,55439,74.0,0,1.8,27.1,45.1,1816.4,461.8,1156.2,198.4,3779.0000000000005
723,Minnesota,Edina,48932,,0,,10.2,16.3,1780.0,228.9,1514.3,36.8,3586.5
724,Washington,Edmonds,40609,140.4,2.5,9.9,49.3,78.8,2472.4,640.3,1709.0,123.1,5213.3
725,New Jersey,Egg Harbor Township,43501,227.6,0,6.9,55.2,165.5,1963.2,446.0,1443.6,73.6,4374.700000000001
726,California,El Centro,43643,380.4,4.6,16,91.7,268.1,5675.6,1681.8,3602.0,391.8,12091.4
727,Illinois,Elmhurst,44460,72.0,0,11.2,36.0,24.7,1399.0,251.9,1086.4,60.7,2930.7
728,Connecticut,Enfield,44806,67.0,0,0,26.8,40.2,1830.1,441.9,1319.0,69.2,3794.2
729,Oklahoma,Enid,49755,329.6,4,56.3,42.2,227.1,3975.5,976.8,2817.8,180.9,8549.9
730,Texas,Euless,53228,178.5,0,18.8,71.4,88.3,2983.4,608.7,2109.8,264.9,6305.0
731,Massachusetts,Everett,42476,400.2,4.7,25.9,155.4,214.2,2321.3,586.2,1417.3,317.8,5412.400000000001
732,New Jersey,Evesham Township,45849,65.4,0,4.4,17.4,43.6,1491.9,248.6,1223.6,19.6,3110.1
733,Ohio,Fairfield,42727,341.7,9.4,16.4,65.5,250.4,3131.5,454.0,2579.2,98.3,6920.6
734,New Mexico,Farmington,45328,1061.2,8.8,178.7,86.0,787.6,4116.7,732.4,3154.8,229.4,10168.1
735,Massachusetts,Fitchburg,40809,781.7,2.5,51.5,115.2,612.6,2661.2,752.3,1798.6,110.3,6831.900000000001
736,Missouri,Florissant,52243,151.2,0,5.7,55.5,90.0,2239.5,467.0,1506.4,266.1,4775.700000000001
737,Wisconsin,Fond du Lac,43319,422.4,0,80.8,25.4,316.3,2793.2,272.4,2440.0,80.8,6350.5
738,Florida,Fort Pierce,42566,1108.9,7,72.8,321.9,707.1,5462.1,1656.3,3589.7,216.1,13062.1
739,California,Fountain Valley,56674,187.0,1.8,12.4,30.0,142.9,2592.0,527.6,1875.6,188.8,5543.900000000001
740,New York,Freeport Village,43248,483.3,11.6,9.2,249.7,212.7,2023.2,490.2,1396.6,136.4,4992.099999999999
741,Texas,Galveston,49170,602.0,4.1,75.2,240.0,282.7,5021.4,1051.5,3644.5,325.4,11167.499999999998
742,California,Gardena,59802,479.9,0,21.7,279.3,178.9,2209.0,496.6,1197.3,515.0,5356.0
743,Texas,Georgetown,50304,131.2,0,27.8,9.9,93.4,1828.9,292.2,1500.9,35.8,3892.3
744,California,Gilroy,50042,317.7,6,14,135.9,161.9,3573.0,677.4,2432.0,463.6,7761.5
745,California,Glendora,50903,115.9,0,15.7,53.0,47.1,2540.1,396.8,1999.9,143.4,5296.2
746,Illinois,Glenview,44909,86.8,0,20,15.6,51.2,1066.6,256.1,788.3,22.3,2286.8999999999996
747,North Dakota,Grand Forks,53839,271.2,0,44.6,42.7,183.9,2617.1,423.5,2026.4,167.2,5731.999999999999
748,Nebraska,Grand Island,49583,326.7,0,80.7,42.4,203.7,4648.8,740.2,3749.3,159.3,9870.4
749,Colorado,Grand Junction,59516,423.4,3.4,87.4,48.7,284.0,4592.0,517.5,3856.1,218.4,9940.1
750,Texas,Grapevine,48095,147.6,2.1,27,27.0,91.5,2782.0,341.0,2287.1,153.9,5830.099999999999
751,Montana,Great Falls,59360,254.4,1.7,16.8,42.1,193.7,4696.8,539.1,3938.7,219.0,9883.8
752,New York,Greenburgh Town,43409,112.9,0,0,36.9,76.0,1359.2,152.0,1128.8,78.3,2944.1000000000004
753,Indiana,Greenwood,51746,369.1,1.9,5.8,36.7,324.7,3495.9,400.0,2981.9,114.0,7722.299999999999
754,New Jersey,Hackensack,43499,,0,9.2,78.2,,2020.7,246.0,1616.1,158.6,4119.6
755,Maryland,Hagerstown,40275,489.1,7.4,27.3,186.2,268.2,3615.1,769.7,2532.6,312.8,8173.7
756,Texas,Haltom City,44024,240.8,0,15.9,61.3,163.5,3302.7,1013.1,2001.2,288.5,7071.099999999999
757,New York,Hamburg Town,45166,77.5,0,6.6,13.3,57.6,2847.3,418.5,2351.3,77.5,5843.0
758,California,Hanford,54787,564.0,3.7,43.8,107.7,408.9,3123.0,615.1,2146.5,361.4,7326.6
759,Pennsylvania,Harrisburg,49753,1461.2,22.1,112.6,779.9,546.7,4876.1,1232.1,3326.4,317.6,12540.0
760,Virginia,Harrisonburg,50524,217.7,2,27.7,49.5,138.5,2111.9,300.8,1757.6,53.4,4629.4
761,Mississippi,Hattiesburg,46726,252.5,10.7,27.8,141.2,72.8,5709.9,802.6,4671.9,235.4,11886.3
762,Pennsylvania,Haverford Township,48599,51.4,0,0,16.5,35.0,1189.3,148.2,1012.4,28.8,2481.6000000000004
763,New York,Hempstead Village,54380,853.3,16.6,16.6,380.7,439.5,1824.2,399.0,1169.5,255.6,5321.8
764,Tennessee,Hendersonville,52781,240.6,0,11.4,24.6,204.6,1782.8,267.1,1462.6,53.0,4035.2999999999997
765,North Carolina,Hickory,40361,656.6,7.4,54.5,200.7,393.9,6541.0,1176.9,4962.7,401.4,14333.199999999999
766,California,Highland,54403,544.1,7.4,9.2,169.1,358.4,2970.4,1156.2,1266.5,547.8,7012.5
767,New Jersey,Hoboken,50794,295.3,0,21.7,84.7,189.0,1958.9,297.3,1462.8,198.8,4486.8
768,Illinois,Hoffman Estates,52148,126.6,0,24.9,49.9,51.8,1361.5,247.4,1073.9,40.3,2951.4000000000005
769,Massachusetts,Holyoke,40260,948.8,0,82,216.1,650.8,6232.0,1102.8,4855.9,273.2,14279.6
770,New Jersey,Howell Township,51379,79.8,0,1.9,17.5,60.3,1241.8,332.8,885.6,23.4,2641.2
771,North Carolina,Huntersville,48524,175.2,0,12.4,41.2,121.6,2165.9,375.1,1739.3,51.5,4669.8
772,California,Huntington Park,59079,631.4,6.8,15.2,411.3,198.0,3244.8,407.9,1723.1,1113.8,7730.3
773,Kansas,Hutchinson,42357,618.6,2.4,61.4,56.7,498.1,5947.1,1185.2,4469.2,292.7,13067.600000000002
774,Idaho,Idaho Falls,58037,239.5,0,44.8,22.4,172.3,2937.8,475.6,2345.1,117.2,6309.9
775,New York,Irondequoit Town,52045,151.8,1.9,7.7,71.1,71.1,3137.7,637.9,2397.9,101.8,6569.3
776,New Jersey,Irvington,54274,1304.5,16.6,36.9,597.0,654.1,3624.2,1037.3,1468.5,1118.4,9803.999999999998
777,New Jersey,Jackson Township,55400,,0,10.8,16.2,,1355.6,514.4,817.7,23.5,2727.3999999999996
778,Missouri,Jefferson City,43413,601.2,4.6,27.6,89.8,479.1,3653.3,541.3,3019.8,92.1,8476.6
779,Indiana,Jeffersonville,45640,955.3,4.4,4.4,78.9,867.7,4263.8,898.3,3054.3,311.1,10429.400000000001
780,Missouri,Joplin,50654,568.6,3.9,53.3,138.2,373.1,7576.9,1289.1,5764.6,523.2,16233.7
781,Florida,Jupiter,56674,202.9,0,19.4,65.3,118.2,2110.3,414.7,1619.8,75.9,4607.099999999999
782,New Jersey,Kearny,41310,242.1,0,7.3,128.3,106.5,2147.2,297.7,1532.3,317.1,4771.2
783,Texas,Keller,41137,36.5,0,4.9,9.7,21.9,943.2,175.0,736.6,31.6,1954.5
784,Ohio,Kettering,56423,88.6,0,39,35.4,14.2,2288.1,561.8,1657.1,69.1,4714.299999999999
785,Tennessee,Kingsport,49639,739.3,4,62.5,100.7,572.1,5942.9,868.3,4808.7,265.9,13297.9
786,Washington,Kirkland,50243,183.1,0,27.9,47.8,107.5,3292.0,656.8,2462.0,173.2,6922.4
787,Indiana,Kokomo,45636,387.9,8.8,32.9,133.7,212.6,4069.2,1012.4,2835.5,221.3,8872.599999999999
788,Wisconsin,La Crosse,51851,297.0,7.7,40.5,73.3,175.5,3768.5,779.2,2894.8,94.5,8082.8
789,California,La Mesa,58444,383.3,3.4,18.8,150.6,210.5,2963.5,600.6,2019.0,343.9,6671.4
790,California,La Mirada,49312,198.7,4.1,8.1,40.6,146.0,1573.7,344.7,1020.0,208.9,3532.6
791,California,La Puente,40479,298.9,7.4,14.8,103.8,172.9,1287.1,271.7,625.0,390.3,3149.7
792,Washington,Lacey,43540,176.8,9.2,13.8,20.7,133.2,3362.4,542.0,2650.4,170.0,7055.5
793,California,Lake Elsinore,53912,241.1,3.7,5.6,105.7,126.1,3583.6,996.1,2116.4,471.1,7640.1
794,Arizona,Lake Havasu City,53513,108.4,3.7,18.7,13.1,72.9,2534.0,478.4,1891.1,164.4,5262.299999999999
795,Minnesota,Lakeville,56805,,0,,1.8,15.8,1330.9,216.5,1091.5,22.9,2679.4
796,Ohio,Lakewood,51721,123.7,5.8,5.8,65.7,46.4,1981.8,471.8,1314.7,195.3,4199.400000000001
797,Washington,Lakewood,59416,782.6,1.7,65.6,181.8,533.5,4869.1,1203.4,3298.8,366.9,11236.1
798,Virginia,Leesburg,44889,160.4,2.2,24.5,40.1,93.6,2169.8,102.5,2020.5,46.8,4633.7
799,Utah,Lehi,49375,36.5,0,8.1,6.1,22.3,1322.5,255.2,1008.6,58.7,2709.9
800,Kansas,Lenexa,49222,117.8,2,18.3,10.2,87.4,1917.8,188.9,1529.8,199.1,4050.9999999999995
801,Massachusetts,Leominster,41262,656.8,0,31.5,109.1,516.2,3189.4,647.1,2423.5,118.8,7660.900000000001
802,California,Lincoln,44378,31.5,0,2.3,11.3,18.0,1140.2,457.4,570.1,112.7,2341.2
803,New Jersey,Linden,40926,320.1,2.4,12.2,136.8,168.6,2372.6,395.8,1683.5,293.2,5370.599999999999
804,Colorado,Littleton,43229,129.5,9.3,46.3,34.7,39.3,2887.0,592.2,2107.4,187.4,5977.5
805,Utah,Logan,49672,64.4,0,2,6.0,56.4,2107.8,414.7,1620.6,72.5,4342.4
806,Illinois,Lombard,43482,124.2,2.3,4.6,41.4,75.9,2626.4,271.4,2318.2,36.8,5494.3
807,California,Lompoc,43120,514.8,7,37.1,62.6,408.2,2704.1,723.6,1825.1,155.4,6393.799999999999
808,Pennsylvania,Lower Merion Township,58252,80.7,0,3.4,54.9,22.3,1775.0,329.6,1404.2,41.2,3707.8999999999996
809,Pennsylvania,Lower Paxton Township,47578,239.6,0,25.2,94.6,119.8,2194.3,346.8,1811.8,35.7,4842.6
810,Alabama,Madison,43860,205.2,0,9.1,45.6,150.5,2435.0,499.3,1835.4,100.3,5271.3
811,New Jersey,Manchester Township,43491,46.0,0,0,2.3,43.7,1050.8,457.6,586.3,6.9,2193.6
812,Connecticut,Manchester,58444,189.9,1.7,20.5,78.7,89.0,3074.7,492.8,2424.5,157.4,6507.0
813,Ohio,Mansfield,47480,374.9,2.1,56.9,195.9,120.1,6750.2,2139.8,4431.3,179.0,14191.2
814,Texas,Mansfield,58490,126.5,3.4,39.3,37.6,46.2,1566.1,288.9,1196.8,80.4,3342.4999999999995
815,Florida,Margate,55010,261.8,5.5,10.9,76.3,169.1,2023.3,561.7,1350.7,110.9,4553.799999999999
816,Arizona,Maricopa,44881,129.2,2.2,20.1,26.7,80.2,1880.5,345.4,1412.6,122.5,3997.1
817,Georgia,Marietta,57969,817.7,1.7,20.7,227.7,567.5,4395.5,855.6,3217.2,322.6,10403.800000000001
818,New Jersey,Marlboro Township,40430,42.0,0,2.5,12.4,27.2,794.0,207.8,561.5,24.7,1669.6000000000001
819,Ohio,Mentor,47123,112.5,0,31.8,57.3,23.3,2599.6,218.6,2308.9,72.2,5392.4
820,Mississippi,Meridian,41347,565.9,24.2,79.8,299.9,162.0,5173.3,1775.2,2965.1,432.9,11374.3
821,Massachusetts,Methuen,48051,162.3,0,2.1,29.1,131.1,1810.6,295.5,1369.4,145.7,3943.7
822,Ohio,"Miami Township, Clermont County",41213,34.0,2.4,7.3,9.7,14.6,1916.9,308.2,1589.3,19.4,3892.1
823,Pennsylvania,Middletown Township,45614,85.5,0,4.4,41.7,39.5,3494.5,510.8,2876.3,107.4,7155.7
824,Connecticut,Middletown,47878,150.4,2.1,2.1,52.2,94.0,1879.8,325.8,1380.6,173.4,4056.2000000000003
825,Ohio,Middletown,48959,733.3,2,63.3,167.5,500.4,8225.2,2318.3,5702.7,204.3,17851.7
826,Michigan,Midland,42106,90.2,2.4,35.6,11.9,40.4,1085.4,133.0,950.0,2.4,2313.3
827,Oklahoma,Midwest City,55768,529.0,10.8,64.6,82.5,371.2,5347.2,1409.4,3507.4,430.4,11677.099999999999
828,Connecticut,Milford,52817,87.1,0,3.8,62.5,20.8,3002.8,284.0,2595.8,123.1,6176.1
829,Pennsylvania,"Millcreek Township, Erie County",53615,93.3,3.7,11.2,41.0,37.3,2038.6,544.6,1438.0,56.0,4248.799999999999
830,Minnesota,Minnetonka,50758,,0,,9.9,29.6,1647.0,364.5,1239.2,43.3,3333.5
831,North Dakota,Minot,43460,232.4,0,46,13.8,172.6,1755.6,179.5,1392.1,184.1,3930.1
832,Indiana,Mishawaka,48363,330.8,6.2,45.5,113.7,165.4,5783.3,1035.9,4420.7,326.7,12176.5
833,Illinois,Moline,43509,404.5,0,36.8,52.9,314.9,3112.0,468.9,2516.7,126.4,6996.299999999999
834,Louisiana,Monroe,49474,990.4,10.1,36.4,276.9,667.0,7630.3,2368.9,5103.7,157.7,17194.9
835,Oklahoma,Moore,56661,135.9,1.8,8.8,35.3,90.0,4205.7,875.4,3002.1,328.3,8672.699999999999
836,New Jersey,Mount Laurel Township,42150,78.3,0,7.1,42.7,28.5,1686.8,320.3,1309.6,56.9,3523.1
837,Illinois,Mount Prospect,54428,58.8,0,0,11.0,47.8,1368.8,152.5,1161.2,55.1,2855.2
838,California,National City,59920,619.2,6.7,30,275.4,307.1,3109.1,610.8,1819.1,679.2,7419.900000000001
839,New Jersey,New Brunswick,55717,685.6,14.4,43.1,387.7,240.5,2711.9,999.7,1563.3,149.0,6737.7
840,California,Newark,43539,388.2,2.3,32.2,158.5,195.2,3098.4,895.7,1862.7,339.9,6938.599999999999
841,Ohio,Newark,47787,144.4,0,41.9,67.0,35.6,4796.3,1048.4,3567.9,180.0,9839.6
842,New York,Niagara Falls,50356,1229.2,6,51.6,339.6,832.1,5884.1,1489.4,4136.5,258.2,14169.1
843,Illinois,Normal,52797,215.9,0,36,64.4,115.5,2473.6,501.9,1924.4,47.4,5343.1
844,New Jersey,North Brunswick Township,41163,123.9,0,4.9,63.2,55.9,1771.0,532.0,1161.2,77.7,3784.8999999999996
845,Florida,North Lauderdale,42352,453.3,7.1,33.1,158.2,255.0,2802.7,935.0,1700.0,167.6,6471.8
846,Florida,North Miami Beach,43084,647.6,4.6,62.7,301.7,278.5,4614.2,1629.4,2699.4,285.5,10456.3
847,Florida,North Port,58568,222.0,3.4,34.1,20.5,163.9,1833.8,474.7,1314.7,44.4,4073.9999999999995
848,Connecticut,Norwich,40517,244.3,2.5,44.4,86.4,111.1,2376.8,676.3,1577.1,123.4,5195.4
849,California,Novato,52942,181.3,0,9.4,49.1,122.8,1805.7,455.2,1178.6,171.9,3964.6
850,Michigan,Novi,55623,66.5,0,7.2,16.2,43.1,1884.1,129.4,1684.6,70.1,3893.9999999999995
851,Illinois,Oak Lawn,56964,144.0,0,15.8,54.4,73.7,1996.0,198.4,1702.8,94.8,4264.1
852,Florida,Oakland Park,42701,784.5,0,37.5,316.2,430.9,5290.3,1637.0,3377.0,276.3,12112.199999999999
853,Florida,Ocala,57288,654.6,10.5,73.3,160.6,410.2,5406.0,1057.8,4243.5,104.7,12037.400000000001
854,Washington,Olympia,47729,314.3,10.5,94.3,77.5,132.0,4368.4,980.5,3151.1,236.8,9260.599999999999
855,Illinois,Orland Park,57043,28.0,1.8,1.8,7.0,17.5,2382.4,78.9,2275.5,28.0,4817.3
856,Arizona,Oro Valley,41786,50.3,2.4,9.6,7.2,31.1,1624.9,227.3,1323.4,74.2,3338.3999999999996
857,Kentucky,Owensboro,57751,216.4,0,48.5,77.9,90.0,4360.1,812.1,3338.5,209.5,9104.5
858,Florida,Palm Beach Gardens,49679,151.0,0,22.1,60.4,68.4,3188.5,487.1,2598.7,102.7,6656.8
859,California,Palm Desert,50021,207.9,0,12,98.0,98.0,4642.1,1453.4,2952.8,235.9,9688.1
860,California,Palm Springs,45996,656.6,6.5,39.1,226.1,384.8,4852.6,1919.7,2417.6,515.3,10972.699999999999
861,California,Paramount,54997,443.7,5.5,12.7,234.6,190.9,2792.9,494.6,1472.8,825.5,6455.0
862,Colorado,Parker,47004,125.5,0,23.4,6.4,95.7,955.2,219.1,691.4,44.7,2138.0
863,New Jersey,Parsippany-Troy Hills Township,53793,72.5,3.7,9.3,26.0,33.5,922.1,254.7,611.6,55.8,1976.2
864,Massachusetts,Peabody,52113,232.2,0,21.1,23.0,188.1,2114.6,297.4,1713.6,103.6,4672.5
865,Pennsylvania,Penn Hills,42488,308.3,11.8,14.1,94.1,188.3,1979.4,727.3,1129.7,122.4,4549.5
866,Florida,Pensacola,52909,894.0,13.2,56.7,168.2,655.8,5730.6,1343.8,4160.0,226.8,13179.199999999999
867,New Jersey,Perth Amboy,51345,453.8,1.9,17.5,185.0,249.3,2376.1,745.9,1384.8,245.4,5640.299999999999
868,California,Petaluma,58995,283.1,1.7,42.4,49.2,189.8,1393.3,252.6,1054.3,86.4,3308.7000000000003
869,Texas,Pflugerville,49483,123.3,2,18.2,12.1,90.9,1620.8,282.9,1287.3,50.5,3467.8
870,Arkansas,Pine Bluff,48522,1288.1,28.9,65.9,278.2,915.0,6825.8,2316.5,4138.3,371.0,16132.900000000001
871,Florida,Pinellas Park,49821,457.6,10,26.1,96.3,325.2,5509.7,945.4,4311.4,252.9,11898.499999999998
872,New Jersey,Piscataway Township,56593,113.1,0,1.8,37.1,74.2,929.4,235.0,646.7,47.7,2083.2
873,Massachusetts,Pittsfield,44868,425.7,0,75.8,84.7,265.2,2598.7,829.1,1673.8,95.8,5973.0
874,California,Placentia,51778,206.7,1.9,7.7,56.0,141.0,1749.8,353.4,1210.9,185.4,3903.2000000000003
875,New Jersey,Plainfield,50332,711.3,11.9,27.8,327.8,343.7,2870.9,1045.1,1625.2,200.7,7124.699999999999
876,Idaho,Pocatello,55182,255.5,1.8,18.1,39.9,195.7,2721.9,474.8,2160.1,87.0,5934.9
877,Texas,Port Arthur,54745,628.4,7.3,34.7,221.0,365.3,4394.9,1560.0,2608.5,226.5,10004.599999999999
878,Florida,Port Orange,57300,108.2,3.5,1.7,20.9,82.0,2493.9,525.3,1856.9,111.7,5198.900000000001
879,Michigan,Portage,46658,162.9,0,49.3,32.1,81.4,3521.4,394.4,3039.1,87.9,7319.199999999999
880,California,Porterville,55533,360.1,5.4,18,113.4,223.3,3253.9,1071.4,1825.9,356.5,7204.5
881,New York,Poughkeepsie Town,42698,126.5,0,4.7,60.9,60.9,3248.4,199.1,3023.6,25.8,6745.2
882,California,Poway,48968,192.0,0,12.3,55.1,124.6,1141.6,279.8,794.4,67.4,2654.9
883,Arizona,Prescott,40420,415.6,4.9,34.6,47.0,329.0,2731.3,487.4,2184.6,59.4,6254.299999999999
884,Illinois,Quincy,40684,462.1,0,63.9,39.3,358.9,3205.2,550.6,2590.7,63.9,7270.7
885,California,Rancho Palos Verdes,42335,82.7,0,2.4,14.2,66.1,1176.3,394.5,722.8,59.1,2515.7
886,California,Rancho Santa Margarita,49038,55.1,0,4.1,20.4,30.6,650.5,140.7,489.4,20.4,1407.1
887,Washington,Redmond,55770,64.6,0,14.3,19.7,30.5,2137.3,308.4,1741.1,87.9,4389.5
888,Massachusetts,Revere,52926,508.3,1.9,22.7,136.0,347.7,2352.3,434.6,1594.7,323.1,5696.700000000001
889,Washington,Richland,50057,163.8,0,40,22.0,101.9,2537.1,373.6,2035.7,127.9,5362.0
890,California,Rocklin,58865,83.2,0,8.5,27.2,47.6,1557.8,412.8,1039.7,105.3,3273.6000000000004
891,North Carolina,Rocky Mount,58002,1291.3,13.8,22.4,220.7,1034.4,5832.6,1803.4,3779.2,250.0,14211.599999999999
892,Arkansas,Rogers,57757,349.7,0,74.4,19.0,256.2,3620.3,626.8,2900.1,93.5,7865.6
893,California,Rohnert Park,41716,460.3,2.4,26.4,50.3,381.1,1845.8,268.5,1435.9,141.4,4583.299999999999
894,California,Rosemead,54656,261.6,0,7.3,98.8,155.5,1670.4,336.7,934.9,398.9,3856.8
895,Michigan,Roseville,47400,478.9,0,67.5,124.5,286.9,4082.3,592.8,3061.2,428.3,9054.9
896,New Mexico,Roswell,48623,629.3,16.5,57.6,86.4,468.9,5378.1,1135.3,4088.6,154.2,11940.800000000001
897,Texas,Rowlett,58324,121.7,0,29.1,15.4,77.2,1726.6,378.9,1272.2,75.4,3667.4
898,Michigan,Royal Oak,57649,124.9,0,15.6,20.8,88.5,1748.5,310.5,1287.1,150.9,3731.2
899,Michigan,Saginaw Township,40642,209.1,2.5,14.8,81.2,110.7,2017.6,292.8,1668.2,56.6,4436.200000000001
900,Michigan,Saginaw,51267,2362.1,52.7,126.8,325.7,1856.9,3442.8,2032.5,1205.5,204.8,11430.3
901,Massachusetts,Salem,42025,378.3,0,16.7,40.5,321.2,2272.5,352.2,1794.2,126.1,5285.0
902,Kansas,Salina,48155,334.3,2.1,39.5,47.8,245.0,4886.3,924.1,3740.0,222.2,10399.7
903,Washington,Sammamish,47158,33.9,0,14.8,2.1,17.0,727.3,231.1,468.6,27.6,1507.6
904,California,San Bruno,42002,202.4,0,26.2,69.0,107.1,2288.0,304.7,1642.8,340.5,4954.5
905,California,San Gabriel,40376,218.0,0,7.4,84.2,126.3,1362.2,354.2,856.9,151.1,3152.9
906,California,San Jacinto,45637,300.2,6.6,11,111.8,170.9,3240.8,922.5,1891.0,427.3,7064.500000000001
907,California,San Luis Obispo,45947,259.0,2.2,43.5,41.4,171.9,4289.7,901.0,3212.4,176.3,9051.699999999999
908,Texas,San Marcos,47384,346.1,2.1,57,59.1,227.9,3285.9,533.9,2526.2,225.8,7204.9
909,California,San Rafael,58854,324.5,0,23.8,142.7,158.0,3032.9,611.7,1923.4,497.8,6691.000000000001
910,Florida,Sanford,54662,590.9,5.5,38.4,303.7,243.3,5422.4,1503.8,3633.2,285.4,11982.699999999999
911,California,Santee,54700,281.5,3.7,16.5,54.8,206.6,2027.4,334.6,1451.6,241.3,4597.8
912,Florida,Sarasota,53055,801.1,7.5,47.1,256.3,490.1,5460.4,1328.8,3945.0,186.6,12468.3
913,New Jersey,Sayreville,43151,88.1,2.3,2.3,27.8,55.6,1341.8,296.6,980.3,64.9,2855.1
914,Wisconsin,Sheboygan,49261,345.1,8.1,38.6,42.6,255.8,3079.5,531.9,2460.4,87.3,6802.599999999999
915,Connecticut,Shelton,40062,54.9,0,17.5,30.0,7.5,1078.3,334.5,661.5,82.4,2249.1
916,Washington,Shoreline,54574,181.4,5.5,42.1,75.1,58.6,3030.7,809.9,2021.1,199.7,6376.499999999999
917,Arizona,Sierra Vista,46612,278.9,0,51.5,60.1,167.3,3306.0,527.8,2610.9,167.3,7118.3
918,Georgia,Smyrna,52537,306.5,5.7,22.8,129.4,148.5,2649.6,696.7,1709.3,243.6,5883.6
919,Tennessee,Smyrna,41284,256.8,4.8,29.1,50.9,172.0,2390.8,327.0,1942.6,121.1,5261.200000000001
920,New Jersey,South Brunswick Township,43875,77.5,0,4.6,16.0,57.0,1180.6,246.2,847.9,86.6,2511.7999999999997
921,Utah,South Jordan,52071,44.2,0,7.7,19.2,17.3,1976.1,332.2,1530.6,113.3,4032.8999999999996
922,New York,Southampton Town,50256,127.3,0,6,29.8,91.5,1999.8,435.8,1440.6,123.4,4248.2
923,Mississippi,Southaven,49938,292.4,0,48.1,44.1,200.2,2653.3,378.5,2158.7,116.1,5843.3
924,Connecticut,Southington,43219,64.8,2.3,11.6,25.5,25.5,1737.7,300.8,1353.6,83.3,3591.2000000000003
925,Michigan,St. Clair Shores,59841,252.3,0,33.4,21.7,197.2,1980.2,469.6,1361.9,148.7,4431.599999999999
926,Minnesota,St. Louis Park,46176,,0,,34.7,32.5,3226.8,534.9,2581.4,110.4,6520.7
927,Missouri,St. Peters,53364,223.0,0,11.2,26.2,185.5,2602.9,213.6,2340.5,48.7,5640.4
928,Pennsylvania,State College,57020,92.9,1.8,19.3,21.0,50.9,1380.2,201.7,1154.0,24.6,2925.2999999999997
929,Oklahoma,Stillwater,46331,261.2,2.2,51.8,45.3,161.9,3175.0,561.2,2490.8,123.0,6818.400000000001
930,Connecticut,Stratford,52041,199.8,0,28.8,53.8,117.2,2715.2,470.8,2056.1,188.3,5801.2
931,Illinois,Streamwood,40050,84.9,0,15,27.5,42.4,1755.3,307.1,1418.2,30.0,3665.3999999999996
932,Ohio,Strongsville,44397,29.3,0,13.5,11.3,4.5,1792.9,186.9,1576.7,29.3,3630.9000000000005
933,South Carolina,Summerville,45209,183.6,4.4,4.4,70.8,104.0,2917.6,424.7,2260.6,232.3,6193.599999999999
934,South Carolina,Sumter,40911,985.1,17.1,19.6,158.9,789.5,5248.0,1464.2,3444.1,339.8,12429.6
935,Massachusetts,Taunton,56438,474.9,0,31.9,109.9,333.1,1507.8,673.3,774.3,60.2,3933.5
936,New Jersey,Teaneck Township,40230,139.2,0,0,72.1,67.1,1456.6,298.3,1098.7,59.7,3191.7
937,Texas,Texas City,46448,318.6,4.3,23.7,109.8,180.8,3660.0,764.3,2751.5,144.2,7929.2
938,Oregon,Tigard,49359,135.7,2,18.2,72.9,42.5,3478.6,441.7,2933.6,103.3,7208.3
939,Illinois,Tinley Park,56992,75.4,1.8,10.5,19.3,43.9,1472.1,189.5,1245.8,36.8,3082.8
940,Florida,Titusville,44374,662.6,9,58.6,173.5,421.4,3977.6,1169.6,2255.8,552.1,9212.6
941,New York,Tonawanda Town,58393,202.1,1.7,20.6,54.8,125.0,1834.1,339.1,1452.2,42.8,4050.1000000000004
942,New York,Troy,50391,664.8,13.9,29.8,220.3,400.9,4707.2,1176.8,3328.0,202.4,10700.4
943,Idaho,Twin Falls,44866,376.7,0,44.6,37.9,294.2,2817.3,461.4,2231.1,124.8,6343.400000000001
944,Ohio,"Union Township, Clermont County",46833,76.9,2.1,19.2,36.3,19.2,3529.6,493.2,2961.6,74.7,7191.499999999999
945,New Jersey,Union Township,57234,138.0,0,8.7,76.9,52.4,1864.3,298.8,1341.9,223.6,3995.9
946,Illinois,Urbana,41537,356.3,0,48.1,163.7,144.4,3474.0,1001.5,2344.9,127.6,7612.4
947,Iowa,Urbandale,40467,140.9,0,7.4,4.9,128.5,1700.2,264.4,1354.2,81.5,3674.6000000000004
948,Georgia,Valdosta,56617,438.0,5.3,67.1,155.4,210.2,4104.8,1156.9,2811.9,136.0,9013.199999999999
949,Connecticut,Wallingford,45183,33.2,0,4.4,22.1,6.6,2022.9,356.3,1611.2,55.3,4107.6
950,Ohio,Warren,41355,674.6,9.7,38.7,246.6,379.6,4860.4,1963.5,2626.0,270.8,11021.5
951,New Jersey,"Washington Township, Gloucester County",48940,136.9,0,6.1,59.3,71.5,2327.3,363.7,1879.9,83.8,4922.400000000001
952,California,Watsonville,52064,484.0,3.8,28.8,167.1,284.3,3044.3,509.0,1966.8,568.5,7024.000000000001
953,Wisconsin,Wauwatosa,46748,166.9,2.1,0,119.8,44.9,4120.0,569.0,3471.8,79.1,8571.500000000002
954,New Jersey,Wayne Township,55071,72.6,0,0,23.6,49.0,2228.0,343.2,1803.1,81.7,4601.2
955,New York,Webster Town and Village,42936,60.6,0,4.7,18.6,37.3,1080.7,202.6,836.1,41.9,2277.8
956,Florida,Wellington,57943,248.5,0,17.3,48.3,182.9,2493.8,403.8,1905.3,184.7,5467.3
957,Ohio,West Chester Township,58897,91.7,0,47.5,20.4,23.8,2234.4,365.0,1830.3,39.1,4604.700000000001
958,Iowa,West Des Moines,58134,163.4,0,27.5,13.8,122.1,3139.3,366.4,2686.9,86.0,6577.900000000001
959,Connecticut,West Haven,55626,573.5,1.8,1.8,104.3,465.6,2601.3,354.2,1934.3,312.8,6346.000000000001
960,New Jersey,West New York,50507,388.1,0,15.8,184.1,188.1,1451.3,386.1,964.2,101.0,3662.8999999999996
961,New Jersey,West Orange,46505,146.2,4.3,0,66.7,75.3,1406.3,318.2,937.5,150.5,3100.7
962,California,West Sacramento,49500,383.8,0,52.5,147.5,183.8,2945.5,765.7,1844.4,335.4,6606.1
963,New York,West Seneca Town,44902,115.8,0,4.5,29.0,82.4,1875.2,331.8,1476.5,66.8,3977.5000000000005
964,Massachusetts,Westfield,41485,183.2,0,19.3,33.7,130.2,1856.1,484.5,1328.2,43.4,4059.2999999999997
965,Massachusetts,Weymouth,54597,344.3,0,16.5,76.9,250.9,1474.4,384.6,1009.2,80.6,3620.9
966,Illinois,Wheaton,53263,22.5,1.9,1.9,5.6,13.1,1088.9,180.2,889.9,18.8,2219.0000000000005
967,New York,White Plains,57567,159.8,1.7,5.2,53.9,99.0,2407.6,142.4,2221.8,43.4,5127.9
968,Pennsylvania,Wilkes-Barre,41532,414.1,7.2,72.2,183.0,151.7,2992.9,652.5,2092.4,248.0,6734.6
969,North Carolina,Wilson,49785,526.3,10,6,138.6,371.6,4662.0,1337.8,3099.3,225.0,10360.6
970,California,Woodland,56323,314.3,0,17.8,83.4,213.1,3080.4,640.9,2080.9,358.6,6771.6
971,Rhode Island,Woonsocket,41147,534.7,0,55.9,143.4,335.4,3059.8,840.9,2041.5,177.4,7133.099999999999
972,Texas,Wylie,43645,64.2,4.6,2.3,6.9,50.4,1404.5,229.1,1111.2,64.2,2930.5
973,Pennsylvania,York,43955,1335.5,25,100.1,430.0,780.3,3599.1,985.1,2388.8,225.2,9744.0
974,California,Yucaipa,52622,226.1,0,9.5,66.5,150.1,1793.9,515.0,1062.3,216.6,4030.5000000000005
